town_name,billing_town,zone,ops_branch
Aapiesdoorndraai,BGF,5,PTG
Abambo,WIS,6,ELS
Abbot's Poort,WPT,5,PTG
Abbotsdale,MBY,3,CPT
Aberdeen,ADW,7,CDO
Aberdeen Road,ABE,7,PLZ
Aboboti,QBQ,4,ELS
Achtertuin,CER,4,CPT
Acornhoek,ACH,4,NLP
Adams Mission,AZT,2,DUR
Addney,BTK,4,PTG
Addo,ADO,2,PLZ
Adelaide,ADD,4,CDO
Adelaide,ADD,4,CDO
Adendorp,GRT,4,CDO
Afguns,AFG,6,PTG
Afrikaskop,AKK,2,BEM
Afsaal,MER,3,NLP
Afsaal,COE,2,PLZ
Aftoni,TSP,5,PTG
Afzondering,LEH,6,PSH
Aggeneys,AGG,7,UTN
Agincourt,TML,4,NLP
Agisanang,SAH,4,KPR
Ahrens,AHR,5,DUR
Akasia,AKA,1,JNB
Alberlaine,GSH,1,KIM
Albert Falls,WBG,3,DUR
Albertinia,ARA,4,GRJ
Alberton,ABT,1,JNB
Albertsnek,TGW,4,NLP
Aldinville,SHA,3,DUR
Alexander Bay,AXB,10,UTN
Alexandra,SAN,1,JNB
Alexandria,ALX,3,PLZ
Alexandria,MRI,3,NLP
Algiers,GNY,8,KPR
Alheit,MCH,4,UTN
Alice,ALC,4,ELS
Alicedale,ALI,3,PLZ
Aliwal North,AWL,6,BFN
Alkmaar,BVL,1,NLP
All Saints Mission,ENG,4,ELS
Allandale,TML,4,NLP
Allandale,ALC,4,ELS
Allandale,BCC,2,PLZ
Allandale,TML,4,NLP
Allanridge,ARD,5,BFN
Allanwater,SAD,5,ELS
Alldays,ALL,5,PTG
Allemansdrif,SBW,4,WIR
Alma,ALM,5,JNB
Aloma,NCH,2,PLZ
Alpha,APH,5,NCS
Altein,MLM,6,PTG
Altona,BCE,5,NCS
Alverton,BGF,5,PTG
aMabele,AMA,3,ELS
Amakasi,WAS,4,NCS
Amalanga,HAE,2,DUR
Amalia,AME,5,KPR
Amandebele A Lebelo,BBG,3,JNB
Amandelbult,NRR,3,RTR
Amantinde,BIS,3,ELS
Amanzimtoti,AZT,2,DUR
Amaotana,VAM,2,DUR
Amasundu,MZI,2,EMG
Amatikulu,AMK,4,DUR
Amatikulu,AMK,4,DUR
Amatole,MDT,4,ELS
Amatole Basin,HGB,4,ELS
Amazibula,AMA,3,ELS
Amersfoort,AFT,4,NCS
Amherst,BLP,5,CDO
Amsterdam,AMD,6,NCS
Andalusia Park,JKP,4,KIM
Anders Mission,DBZ,3,ELS
ANDRIESKRAAL,ADK,4,PLZ
Andriesvale,SWM,6,UTN
Anerley,PSH,1,PSH
Angelierspan,PTZ,5,UTN
Annarth,IXO,4,DUR
Annesville,TNZ,5,ELS
Anta,QBQ,4,ELS
Appelsbosch,FNS,3,DUR
Appledale,LUV,6,PLZ
Aqualea,FJN,2,ELS
Aquaville,GRO,4,WIR
Arbeidslus,SHC,1,CPT
Archibald,TOL,5,PTG
Argent,ARG,2,WIR
Argenton,UTT,1,ELS
Arhur's Seat,ACH,4,NLP
Ariesfontein,VGG,4,KIM
Arlington,AIG,2,BEM
Arniston,WAE,6,CPT
Arnot,RTK,3,WIR
Arrie,DGR,5,PTG
Arthur Stone,BOS,4,NLP
Asbes,GDW,4,NLP
Asfontein,LAG,6,CPT
Ashmead,KYL,3,GRJ
Ashton,AST,5,CPT
Askeaton,ASK,8,BFN
Askham,SWM,6,UTN
Askraal,AKR,5,GRJ
ASSEGAAIBOS,ASG,5,PLZ
Assegay,HAE,2,DUR
Assen,ASN,4,RTR
Assisi,DSA,2,PSH
ASTON BAY,ABY,4,PLZ
Atamelang,GYD,5,KPR
Athol,TML,4,NLP
Athole,LUW,8,KPR
Atlantis,ALS,2,CPT
Atteridgeville,ATT,1,JNB
Aucklands,HGB,4,ELS
Augrabies,AUG,4,UTN
Aurora,AUA,2,VDR
Aurora,BTK,4,PTG
Austin's Post,APT,3,BFN
Aventura Holiday Resort,LMK,3,WIR
Avoca,AVC,2,NLP
Avon,VIV,4,PTG
Avondster,HAN,5,BFN
Avondster,AND,5,KIM
Avontuur,AUU,4,GRJ
Ayliff,PDD,5,PLZ
Baardskeerdersbos,BAA,5,CPT
Babanana,NKB,4,PTG
Babanango,BBN,4,EMG
Babangu,HMG,4,PTG
Baca,NGG,2,ELS
Badi,CIO,4,ELS
Badimong,LEW,2,PTG
Badplaas,BAP,4,NLP
Bailey,BLY,8,BFN
Bakaneni,LAF,6,ELS
Bakenberg,MAP,3,PTG
Bakerville,BLL,5,RTR
Bakone,MTA,2,PTG
Baku,NOB,5,ELS
Bakubha,TNZ,5,ELS
Bala,GVE,6,PSH
Bala,BHK,2,RTR
Balaclava,GFS,3,BFN
Balasi,FLG,5,ELS
Balasi Mission,QMB,3,ELS
Bale,MUE,7,PTG
Balfour,BOR,4,JNB
Balfour,LID,5,CDO
Balgowan,BGN,4,DUR
Balkfontein,BHV,3,KPR
Ballengeich,DHR,2,NCS
Ballengeich,NCS,1,NCS
Ballito,BBY,2,DUR
Balmoral,BMR,1,WIR
Balta,IWE,6,ELS
Baltimore,BLA,4,PTG
Bambanani,BSI,4,PSH
Bambeni,NKO,5,PTG
Ba-Mokopane,MWL,3,PTG
Banana Beach,PSH,1,PSH
Bandelierkop,BDX,4,PTG
Bandla,OLB,7,PSH
Bangalong,OVY,5,PTG
Bango,MKD,5,EMG
Bank,BPZ,2,WIR
Bankhara,SDL,6,KIM
Bankies,BRV,8,BFN
Bankini,DDX,8,BFN
BANKKOP,BKP,5,NCS
Banksdrif,LMJ,4,KIM
Banner Rest,PED,2,PSH
Banzi,CVB,5,ELS
Banzi Poort,CVB,5,ELS
Baouqwini,MTY,5,ELS
Bapong,SON,3,JNB
Bapong,MBL,4,RTR
Bapsfontein,BNI,1,JNB
Baquqini,MTY,5,ELS
Baratiwa,LKG,8,UTN
Barbania,GRP,4,RTR
Barberton,BNR,3,NLP
Barcelona,DER,7,KIM
Bareki,LKG,8,UTN
Barkerville Mission,MFF,4,ELS
Barkly East,BYE,8,BFN
BARKLY PASS,BPS,8,BFN
Barkly West,BKY,2,KIM
Baroda,BDA,1,CDO
Baroe,BAO,4,PLZ
Barracks,ASK,8,BFN
Barracks,BRB,2,ELS
Barrington,BAN,2,GRJ
Barrydale,BDL,6,GRJ
Barsheba,KKD,3,PLZ
Basani,GIY,5,PTG
Bashee Bridge,BXS,3,ELS
Bashee Hill,CRY,3,ELS
Bassonskraal,ECT,5,DUR
Bassonskraal,KPI,4,CDO
Basterspad,GSB,4,PTG
Bastiaansrust,KLB,2,PTG
Bathobatho,MNE,5,KPR
Bathurst,BUS,4,PLZ
Bathwakazi,QMB,3,ELS
Batlhalerwa,MAB,3,RTR
Batlharo,EWB,7,KIM
Battlemound,LUW,8,KPR
Baven-on-Sea,RMG,1,PSH
Baviaanskrans,MDK,3,KPR
Baviaanspoort,RWL,2,JNB
Bavuma,MAI,1,ELS
Bawa,BWH,4,ELS
Bayi,LSK,4,ELS
Bazana,LSK,4,ELS
Baziya Mission,NBE,2,ELS
Bazley Beach,UZO,4,DUR
Beachview,THL,2,PLZ
Beacon Bay,BCB,1,ELS
Beacon Hill,ECT,5,DUR
Beakes Rest,BWY,5,RTR
Beaufort West,BFU,6,GRJ
Bebeza,LDN,7,BFN
Beccles,TAS,4,CDO
Beckenham,HGL,3,PSH
Bedford,BED,4,CDO
Bedford,UTT,1,ELS
Bedfordview,GMT,1,JNB
Beecham Woods,NQB,6,ELS
Beeshoek,PMG,6,KIM
Beestekraal,BEE,2,RTR
Begha,MPK,5,PLZ
BEHULPSAAM,BEH,4,CDO
Beitbridge,BBQ,6,PTG
Bekileni,CRY,3,ELS
Bekkersdal,WTI,3,JNB
Bekruipkop,BRB,2,ELS
Bela-Bela,WSR,4,JNB
Beledale,TSL,2,ELS
Belekana,NGQ,2,ELS
Belekence,QMB,3,ELS
Belemu,LEV,5,PTG
Beleni,TKN,6,PTG
Belfast,BFZ,4,WIR
Belfast,SKZ,4,NLP
Belfort,MAF,6,PSH
Bell,BEL,3,ELS
Bella Vista,CER,4,CPT
Bellevue,HLR,4,PTG
BELLEVUE,BLV,3,PLZ
Bellingham,FSK,3,CPT
Bellvale,LID,5,CDO
Bellville,VLL,1,CPT
Belmont,BLT,4,KIM
Belungwini,BTV,1,ELS
Belvue,HBN,4,NCS
Bende Mutale,TKN,6,PTG
Bendell,EWB,7,KIM
Benholm,HGB,4,ELS
Benoni,BNI,1,JNB
Bensonvale,SKT,6,BFN
Berbice,BCE,5,NCS
BERGEN,BEN,3,NCS
Bergendal,TOL,5,PTG
Berg-en-Dal Rest Camp,MER,3,NLP
Bergnek,NUS,2,PTG
Bergplaas,KLP,2,GRJ
Bergplaas,FTR,4,ELS
Bergplaas,BCE,5,NCS
Bergrivier,BGR,2,VDR
Bergsig,SPU,8,UTN
Bergville,BRG,5,NCS
Berlin,BLN,2,ELS
Berseba,HAV,4,JNB
Berseba,TOL,5,PTG
Bertha Shaft Village,VER,4,JNB
Bertievale,KNP,7,PSH
Besiesvlei,BHD,2,PLZ
Besters,BZT,4,NCS
Bestwood,KAT,7,KIM
Bethal,BXL,3,WIR
Bethania,LOP,9,BFN
Bethanie,PAD,3,JNB
Bethel,LOT,5,KPR
Bethel,SSH,4,ELS
Bethelsdorp,BHD,2,PLZ
BETHESDAWEG,BET,4,CDO
Bethlehem,BEM,1,BEM
Bethlehem,BUW,4,DUR
Bethulie,BSN,5,BFN
Betty's Bay,BEB,3,CPT
Bettysgoed,OSH,5,NLP
Beverley,BLO,4,BFN
Bevhula,MLM,6,PTG
Bewley,BWY,5,RTR
Beyele,ENG,4,ELS
Bhabha,BLE,5,ELS
Bhakaleni,LSK,4,ELS
Bhakaleni,MAI,1,ELS
Bhakaneni,OLB,7,PSH
Bhakubha,ELD,2,ELS
Bhala,HLC,5,PSH
Bhalekisi,BRG,5,NCS
Bhanti,NCO,5,ELS
Bhantini,NGG,2,ELS
Bhekumteto,NON,4,EMG
Bhekuzulu,NBH,5,DUR
Bhele,DBZ,3,ELS
Bhesi,NOB,5,ELS
Bhetani,CRY,3,ELS
Bhijolo,BXS,3,ELS
Bhokhwe,BWH,4,ELS
Bhokweni,MGH,4,PSH
Bholani,NSL,6,PSH
Bhomeni,LAF,6,ELS
Bhoneni,TNZ,5,ELS
Bhongolethu,SKT,6,BFN
Bhongweni,KDX,4,PSH
Bhongweni,CIO,4,ELS
Bhoqo,BRV,8,BFN
Bhotwe,ALD,3,ELS
Bhozwana,DTF,5,CDO
Bhukazi,FLG,5,ELS
Bhulule,BWH,4,ELS
Bhunga,ALD,3,ELS
Bhungeni,FDD,4,PSH
Bhungweni,NGB,4,PSH
BHUNYA,BYA,2,MBE
Bierspruit,SWK,4,RTR
Biesiesfontein,RPO,9,UTN
Biesiesvlei,BSV,4,KPR
BIG BEND,BBD,5,MBE
Big Umngazi,NSL,6,PSH
Bijolo,NGQ,2,ELS
Bikane,CIO,4,ELS
Birch,QTN,6,ELS
Birkenstock,OZI,1,NCS
Bisana,NGB,4,PSH
Bisho,BIS,3,ELS
Bisi,BSI,4,PSH
Bisi,FLG,5,ELS
Bismark,OFL,5,PTG
Bitterfontein,RPO,9,UTN
Bityi,BYI,2,ELS
Bizana,BZN,3,PSH
Bizana,NSL,6,PSH
Black Rock,LKG,8,UTN
Blackburn,VAM,2,DUR
Blackburn,GIN,2,EMG
Black's Store,HHR,4,DUR
Blackwoods,GHO,4,PLZ
Blackwoods,QTN,6,ELS
Blairbeth,BLB,5,RTR
Blakesley,BED,4,CDO
Blanco,TAS,4,CDO
Blesbokfontein,DOV,3,KPR
Blesbokvlakte,BPZ,2,WIR
Bleskop,MAK,1,RTR
Bletterman,DER,7,KIM
Blikana,LDN,7,BFN
Blinkpan,BPZ,2,WIR
Blinkwater,COM,4,NCS
Blinkwater,HLR,4,PTG
Blinkwater,BLP,5,CDO
Bloedrivier,PTG,1,PTG
Bloemfontein,BFN,1,BFN
Bloemhof,BHR,6,BFN
Bloemsmond,KEG,2,UTN
Blood River,BDR,4,NCS
Blouberg,DUN,1,CPT
Blouberg,BTK,4,PTG
Blouberg,PFR,5,NCS
BLOUHAAK,BHA,3,PTG
Blouvlei,WEG,3,CPT
Blue Downs,KYT,1,CPT
Blue Gate,UTH,2,PLZ
Blue Horizon Bay,THL,2,PLZ
Blue Sky,BWH,4,ELS
Blue-Gums,BGU,6,BFN
Blybank,CAR,4,JNB
Blydepoort,VAH,4,NLP
Blyth,NQK,4,ELS
Blythdale Beach,SAE,3,DUR
Blythswood,NQK,4,ELS
Boboyi,ISH,1,PSH
Bodenstein,BDS,3,KPR
Bodi,BTK,4,PTG
Bodiam,HMB,2,ELS
Bodini,NOB,5,ELS
Bodirelo Industries,MWS,3,RTR
Bodulang,SDL,6,KIM
Bodutiulo,CUR,3,PTG
Bodweni,FLG,5,ELS
Boegoeberg,BGB,5,UTN
Boekenhoutbult,MKI,3,PTG
Boekenhouthoek,DNN,4,WIR
Boekenhoutskloof,JBY,4,PLZ
Boesmanskop,BMN,5,BFN
BOESMANSRIVIERMOND,BMM,4,PLZ
Bofulo,VKD,3,BFN
Bogaleng,LEB,3,PTG
Boggomsbaai,JOP,3,GRJ
Bohlokong,BOH,1,BEM
Bohule,SUN,2,RTR
Boikhutso,LTX,4,KPR
Boipatong,VDB,4,JNB
Boitshoko,PMG,6,KIM
Boitumelong,BHR,6,BFN
Bojating,MWS,3,RTR
Bojeni,NYK,4,ELS
Bojwana,HZY,2,NLP
Boknesstrand,BKS,4,PLZ
Boksburg,BKB,1,JNB
Bokspits,SWM,6,UTN
Bokwana,TSL,2,ELS
Bolahlakgomo,GPS,3,PTG
Bolana,CVB,5,ELS
Bolata,PJB,4,BEM
Bollantlokwe,MBU,4,RTR
Bolo,BLE,5,ELS
Bolokanang,PSG,3,KIM
Bolopa,CUR,3,PTG
Bolotwa,BOA,6,ELS
Bomapass,KEK,4,ELS
Bombi,BSI,4,PSH
Bomela,ISH,1,PSH
Bomvana,EBE,4,ELS
Bomvini,LBD,2,ELS
Bonabona,MRK,8,KPR
Bonde,NYK,4,ELS
Bongolo Nek,QQD,6,ELS
Bongweni,CHQ,5,PLZ
Bongweni,PDD,5,PLZ
Boniswa,IWE,6,ELS
Bonjaneni,PJB,4,BEM
Bonnievale,BOV,5,CPT
Bontile,MTM,1,ELS
Bontrand,BTD,4,PSH
Bontrug,KKD,3,PLZ
Boomplaas,IWE,6,ELS
Boons,BNS,2,RTR
Bophelong,VDB,4,JNB
Boqo,BRV,8,BFN
Borakalalo,LHR,5,RTR
Boratapelo,MTA,2,PTG
Borchers,BCH,4,PTG
Border Post,AMA,3,ELS
Borelelo,SUN,2,RTR
Borolelo,SWU,3,RTR
Borothamadi,LHR,5,RTR
Borwa,TST,3,BFN
Borwalathoto,TOL,5,PTG
Bosbokrand,BOS,4,NLP
Boschfontein,BSI,4,PSH
Boschfontein,KAL,3,NLP
Boshi,ROC,5,DUR
Boshoek,APH,5,NCS
Boshoek,BHK,2,RTR
Boshof,BHF,3,KIM
Boskop,ORV,5,JNB
Boskuil,BOX,4,KPR
BOSPOORT,BPT,3,KPR
Bosra,LKG,8,UTN
Bossche Diesch,WPT,5,PTG
Boston,DRE,4,DUR
Botani,NCO,5,ELS
Botha's Hill,HAE,2,DUR
Bothashoek,BGF,5,PTG
Bothastrand,GBR,1,GRJ
Bothaville,BHV,3,KPR
Bothetheletsa,KAM,6,KIM
Bothithong,LYK,6,KIM
Botlokwa,BTK,4,PTG
Botrivier,BTS,3,CPT
Botshabelo,BSB,2,BFN
Botshabelo,MNE,5,KPR
Botshabelo,HLR,4,PTG
Botsoleni,TKN,6,PTG
BOTSWANA OTHER,OBW,10,GBE
Bovenste Oog,KKR,3,RTR
Bovini,RVS,5,DUR
Boxwood Farm,FJN,2,ELS
Boyce,KYL,3,GRJ
Bracken,GTN,4,DUR
Brackenfell,BNF,1,CPT
Braemar,UZO,4,DUR
Bragendale,UMZ,5,DUR
Brakeng,VAH,4,NLP
Braki,MTF,5,ELS
Brakkloof,WIS,6,ELS
Brakpan,KHM,1,JNB
BRAKPAN,BPN,1,JNB
Brakspruit,BSG,1,KPR
Brakwater,OZI,1,NCS
Brandfort,BDT,2,BFN
Brandkop,NWV,7,VDR
Brandkraal,KNW,5,CDO
Brandrivier,BRR,5,GRJ
Brandspruti,CCI,4,WIR
Brandvlei,BDV,7,UTN
Brandvlei,RDF,3,JNB
Brandwag,RUB,2,GRJ
Braunschweig,BRS,3,ELS
Bray,BRY,8,KPR
Breakfast Vlei,BFV,4,ELS
Breda,FRR,2,BEM
Bredasdorp,BDD,5,CPT
Breidbach,BRB,2,ELS
Breipaal,DLS,4,KIM
BREIPAAL,BRP,4,BFN
Brendan Village,EVD,3,WIR
Breyten,BNN,4,WIR
Brickenhill,BNR,3,NLP
Bridge Farm,STM,5,ELS
Brilliant Park,MDT,4,ELS
Britannia Bay,VDR,1,VDR
Brits,BTR,3,JNB
Britstown,BSW,7,KIM
Britten,BRT,5,KIM
Brodie Hill,BTK,4,PTG
Broedershoek,KNM,2,NLP
Broedersput,BRO,5,KPR
Broederstroom,HBP,2,JNB
Broham,BRL,1,NLP
Broken Dam,GIE,7,KIM
Brombeek,BBK,5,PTG
Brondal,BRL,1,NLP
Bronkhorstspruit,BHS,3,JNB
Bronville,WEL,5,BFN
Brooklands,HRL,2,NLP
Brooklands,STF,3,PSH
Brooklyn,HHR,4,DUR
Brooklyn,LWL,5,DUR
Brooks Nek,BON,4,PSH
Brooksby,VAP,5,KPR
Brookvale,NQI,2,PSH
Broughton,ALX,3,PLZ
Bruinklip,LUV,6,PLZ
Bruintieshoogte,BJH,3,CDO
Bucklands,BDU,4,KIM
Bucula,NOT,8,PSH
Buddelea,SSH,4,ELS
Buffalo Nek,MFF,4,ELS
Buffalo Thorns,QQD,6,ELS
Buffel Hoek,GLL,3,PTG
Buffelsbaai,KYL,3,GRJ
Buffelsdoring,QQD,6,ELS
BUFFELSDRIF,BFF,3,GRJ
Buffelshoek,ACH,4,NLP
Buffelsjagrivier,SWD,6,CPT
Buffelspruit,KAL,3,NLP
Buffelsvlei,BVV,3,KPR
Buhlali,FLG,5,ELS
Buhlanyanga,HLC,5,PSH
Buhlungwana,QMB,3,ELS
BUHRMANDRIFT,BRF,5,KPR
Buisfontein,HBR,2,KPR
Bukazi,FLG,5,ELS
Bukwana,ASK,8,BFN
Bula,NBE,2,ELS
Bulawayo,GAR,5,ELS
Bulembu,DBZ,3,ELS
Bulembu,FLG,5,ELS
Bulembu Farm,TSL,2,ELS
Bulhoek,TSK,6,ELS
Bull Run,LUW,8,KPR
Bulletrap,BPL,9,UTN
Bultfontein,BTN,4,BFN
Bultfontein,NML,6,PSH
Buluni,MLM,6,PTG
Bulura,ALC,4,ELS
Bulwer,BUW,4,DUR
Bulwer Station,BUW,4,DUR
Bulwini,MAV,5,PTG
Bumazi,HLC,5,PSH
Bumbana,ASK,8,BFN
Bumbana,LAH,9,BFN
Bumbane,KEK,4,ELS
Bumbani,NSL,6,PSH
Bumbeni,MFF,4,ELS
Bundu,DNN,4,WIR
Bungazeleni,NON,4,EMG
Buntingville,BTV,1,ELS
Burford,PPW,4,NCS
Burgerregt,DGR,5,PTG
Burgersdorp,BUP,7,BFN
Burgersdorp,OFL,5,PTG
Burgersfort,BGF,5,PTG
Burgervilleweg,BVR,6,CDO
Burlington,TML,4,NLP
Burnshill,MDT,4,ELS
Busila,QBQ,4,ELS
Busingatha,PJB,4,BEM
BUTHE BUTHE,BBE,4,MSU
Buto,NSL,6,PSH
Butsheni,MFF,4,ELS
Butterworth,BWH,4,ELS
Buttville,MGH,4,PSH
Butulo,NSL,6,PSH
Buwa,BYI,2,ELS
Buwa,QMB,3,ELS
Buwani,TNZ,5,ELS
Buxeden,HLB,4,EMG
Buyelani,KNM,2,NLP
Buysdorp,BYY,4,PTG
Byldrift,GPS,3,PTG
BYLSTEEL,BYS,2,PTG
Bynespoort,CUL,2,JNB
Byrne,RMD,3,DUR
Caba,BLE,5,ELS
Caba,NBE,2,ELS
Caba,NTS,4,ELS
Caba,TNZ,5,ELS
Cabane,UMZ,5,DUR
Cabane,MFF,4,ELS
Cabazana,BON,4,PSH
Cabazi,MFF,4,ELS
Caca,LAN,3,ELS
Cacadu,ROD,6,PSH
Cadlume,DDX,8,BFN
Cafutweni,IDY,4,ELS
Cahar,EWB,7,KIM
Cairngorm,DBK,4,DUR
Cairns,SAD,5,ELS
Cala,CAA,5,ELS
Cala Pass,QBA,8,BFN
Calais,OFL,5,PTG
Calcutta,MRI,3,NLP
Calderwood,FBF,5,ELS
Caledon,CLN,4,CPT
Caledon,HMG,4,PTG
Calitzdorp,CZR,4,GRJ
Callashield,BTK,4,PTG
Calucalu,LAH,9,BFN
Caluza,FXT,1,EMG
Calvinia,CLW,9,UTN
Camama,CVB,5,ELS
CAMBRIA,CAM,5,PLZ
Camden,HOL,5,WIR
Cameron's Glen,CMG,3,CDO
Camkweni,NGG,2,ELS
Campbell,CBL,4,KIM
Camperdown,HAE,2,DUR
Cancele,MFF,4,ELS
Candu,BXS,3,ELS
Cane,HLC,5,PSH
Cannonville,NCH,2,PLZ
Canon Rocks,BKS,4,PLZ
Canzibe,OLM,3,ELS
Cape Saint Francis,CSF,4,PLZ
Cape Town,CPT,1,CPT
Cardiff,STM,5,ELS
Carletonville,CAR,4,JNB
CARLISLE BRIDGE,CBE,4,CDO
Carnarvon,CVN,8,UTN
Carolina,CLA,4,WIR
Carolusberg,SPU,8,UTN
Carousel View,BBG,3,JNB
Carrington,BEL,3,ELS
Casa Mia,PGL,6,NCS
Cassel,LUW,8,KPR
Casteel,ACH,4,NLP
Castle Rock,STX,1,CPT
Cata,KEK,4,ELS
Cathcart,CHC,4,ELS
Cathcartvale,HGB,4,ELS
CATHEDRAL PEAK,CTP,5,NCS
Cathula,STF,3,PSH
Cato Ridge,HAE,2,DUR
Catshile,TSO,5,ELS
Caweni,HAD,9,BFN
Caweni,HGB,4,ELS
Cebano,SKT,6,BFN
Cebe,MNB,5,ELS
Cedara,HWR,3,DUR
Cedarville,CED,6,PSH
Cedarville,ROD,6,PSH
Cederberg,SED,7,CPT
Cefane,ENG,4,ELS
Cegcuwana,EZI,4,ELS
Cegcwane,BYI,2,ELS
Ceka,TSL,2,ELS
Cekeza,STF,3,PSH
Cele,SOG,3,DUR
Celetyuma,PDD,5,PLZ
Cencele,DDX,8,BFN
Centani,KTI,4,ELS
Centule,MFF,4,ELS
Centuli,KTI,4,ELS
Centurion,CNT,1,JNB
Ceres,CER,4,CPT
Ceru,BWH,4,ELS
Cerutiville,NLR,3,JNB
Ceyana,ASK,8,BFN
Ceza,NGM,5,EMG
Cezu,MAI,1,ELS
Chaewe,HWR,3,DUR
Chalumna,CHM,2,ELS
Chalumna,CHM,2,ELS
Chamounix Estate,RMD,3,DUR
Chancele,BTD,4,PSH
Chaneng,SUN,2,RTR
Charl Cilliers,CCI,4,WIR
Charlestown,VRR,2,NCS
Charlesville,JSN,4,BFN
Chatsworth,KBA,2,CPT
Chatsworth,CTW,1,DUR
Chatwell,HHR,4,DUR
Chelsea Mount,BHD,2,PLZ
Chevy Chase,LAH,9,BFN
Chibini,KTI,4,ELS
Chief Albert Luthuli Park,BNI,1,JNB
Chieveley,FRH,5,DUR
Chili,VAM,2,DUR
Chisira,PDD,5,PLZ
Chloe,MTA,2,PTG
Chochocho,THU,4,NLP
Choseng,PUD,5,KIM
Choto,FLG,5,ELS
Chrissiesmeer,CSS,4,WIR
Christiana,CSN,4,KIM
Christmas Rock,CHM,2,ELS
CHURCHHAVEN,CHN,2,VDR
Cibane,FNS,3,DUR
Cibelichle,BUW,4,DUR
Cibeni,NSL,6,PSH
Cibini,NBE,2,ELS
Cicira,NTW,9,BFN
Ciko,CIO,4,ELS
Cilidara,MDT,4,ELS
Cillie,KAA,3,UTN
Cilo,QBQ,4,ELS
Cimezile,BLP,5,CDO
Cingcosdwadweni,TSL,2,ELS
Cintsa East,CIA,2,ELS
Cintsa West,CIA,2,ELS
Citrusdal,CTS,4,VDR
Cizele,EBE,4,ELS
Clairvaux,LWL,5,DUR
Clan Syndicate,WBG,3,DUR
Clansthal,SOG,3,DUR
Clanwilliam,CWM,5,VDR
Clare,TML,4,NLP
Claremont,OZI,1,NCS
Clarens,CRN,2,BEM
Claridge,PZB,3,DUR
Clarkebury,CRY,3,ELS
Clarksdale,DDX,8,BFN
Clarkson,CLS,5,PLZ
Clarkville,MGH,4,PSH
Clau-Clau,KNM,2,NLP
Clayville,CAV,1,JNB
Clermont,PIN,1,DUR
Clewer,CWL,1,WIR
Cliffdale,APH,5,NCS
Cliffdale,HBN,4,NCS
Cliffdale,MTY,5,ELS
Clifford,CDF,8,BFN
Clifton Park,DSA,2,PSH
Clocolan,CLC,4,BEM
Cloeta,ELT,5,ELS
Clyde,ANS,8,UTN
Clydesdale,UMZ,5,DUR
Cobbshaven,KYL,3,GRJ
Coega,COG,1,PLZ
Coerney,COE,2,PLZ
COETZERSDAM,COZ,7,KPR
Coffee Bay,CFB,4,ELS
Cofimvaba,CVB,5,ELS
Coghlan,CGL,3,ELS
Cokomfini,QMB,3,ELS
Cola,TNZ,5,ELS
Colana,ROD,6,PSH
Colchester,NCH,2,PLZ
Cold Place,HHR,4,DUR
Coldstream,STR,6,PLZ
Coleford,CLD,6,DUR
Colenso,CSO,4,NCS
Colesberg,CLG,6,BFN
COLESKEPLAAS,CLP,6,PLZ
Coligny,COL,3,KPR
Collingwood,KNP,7,PSH
Colosa,IDY,4,ELS
Coloti,MTF,5,ELS
Colston,KAM,6,KIM
Columbia,DBK,4,DUR
Combra,BOC,3,PTG
Committees Drift,CMM,4,ELS
Commondale,COM,4,NCS
Commonsvale,HGL,3,PSH
Compensation,UMI,3,DUR
Concordia,CCA,8,UTN
CONTENT,CNX,3,KIM
Conway,CNY,3,CDO
Cookhouse,CHQ,5,PLZ
Cool Air,DTN,3,DUR
Cool Ray,FJN,2,ELS
Copperton,CTN,6,UTN
Corana,MAI,1,ELS
Cork,HSP,2,NCS
Cork,MRI,3,NLP
Cornelia,COR,5,NCS
Cornelia,MTA,2,PTG
Cornfields,CHM,2,ELS
Corns' Village,WIN,2,KIM
Cottenend,EWB,7,KIM
Cottondale,ACH,4,NLP
Coville,HSL,7,BFN
Coza,MTM,1,ELS
Cqolomo,IDY,4,ELS
Cradock,CDO,1,CDO
Craig,NBH,5,DUR
Craighead,PDD,5,PLZ
Craigisburn,ACH,4,NLP
Craigsforth,CFH,3,NCS
Cramond,WBG,3,DUR
CRECY,CCY,4,PTG
Creighton,CRI,5,DUR
Crocodile Bridge Rest Camp,KTR,4,NLP
Croquet Lawn,TML,4,NLP
Croquetlawn B,TML,4,NLP
Cross Roads,BEL,3,ELS
Crossroads,MCP,1,CPT
Croydon,MNE,5,KPR
Cuba,CVB,5,ELS
Cube,CVB,5,ELS
Cubeni,CVB,5,ELS
Cullinan,CUL,2,JNB
Culunea,NTW,9,BFN
Cumakala,SSH,4,ELS
Cumngce,NSL,6,PSH
Cungwana,ASK,8,BFN
Cungweni,EBE,4,ELS
Cunning Moor,MRI,3,NLP
Cunning Moor,MRI,3,NLP
Cunningham,EZI,4,ELS
Curry's Post,BGN,4,DUR
Cutweni,EMB,6,PSH
Cwaka Landboukollege,EMG,1,EMG
Cwaru,MDT,4,ELS
Cwaru,MDT,4,ELS
Cwebeni,KEM,4,ELS
Cwebeni,MFF,4,ELS
Cwebeni,PSJ,3,ELS
Cwecwe,UTT,1,ELS
Cwecweni,BEL,3,ELS
Cwele Mission,OLB,7,PSH
Cwili,KEM,4,ELS
Cymra,DSA,2,PSH
Da Nova,MSB,2,GRJ
Daantjie,KNM,2,NLP
Dadamba,EBE,4,ELS
Dadane,ROD,6,PSH
Dadeni,PDD,5,PLZ
Daggakraal,LAT,3,NCS
Dakana,NTS,4,ELS
Dakeni,KEM,4,ELS
Dalaguba,LBD,2,ELS
Dalibango,NTW,9,BFN
Dalindyebo,BYI,2,ELS
DALMANUTHA,DMA,4,WIR
D'Almeida,MSB,2,GRJ
Dalton,DTN,3,DUR
Damane,NCO,5,ELS
Damani,MKO,6,PTG
Damani,MKO,6,PTG
Damba,TNZ,5,ELS
Dambale,MUE,7,PTG
Dambeni,FLG,5,ELS
Dambisa,MFF,4,ELS
Damonsville,BTR,3,JNB
Damplaats,MTA,2,PTG
Damros,KAM,6,KIM
Dan,LTA,4,PTG
Dana Bay,MSB,2,GRJ
Dangwana,NSL,6,PSH
Danielskuil,DKL,5,KIM
Danielsrus,DNR,1,BEM
Dannhauser,DHR,2,NCS
Darabe,ELD,2,ELS
Darling,DAR,3,CPT
Darnall,NRK,4,DUR
DASKOP,DSK,2,GRJ
Dassenhoek,PIN,1,DUR
Dasville,GIR,4,JNB
Davel,DAV,4,WIR
Daveyton,BNI,1,JNB
Daviddale,LTR,5,WIR
Daweni,HAD,9,BFN
Daza,TSO,5,ELS
De Aar,DER,7,KIM
De Brug,DBG,2,BFN
De Doorns,DOR,4,CPT
De Hoek,DEH,3,VDR
De Hoop,AMD,6,NCS
De Hoop,RBO,4,PLZ
De Kelders,GAA,5,CPT
De Maseus,RVS,5,DUR
De Mond,HOT,6,CPT
De Rust,DEU,3,GRJ
De Rust,BJH,3,CDO
De Villiersdale,BTK,4,PTG
De Wet,WOR,4,CPT
De Wildt,GKA,2,JNB
Dealesville,DSV,3,BFN
Debe,DBZ,3,ELS
Debe Marela,KWA,4,ELS
Debe Nek,DBZ,3,ELS
Debe Valley,MDT,4,ELS
Debeza,FLG,5,ELS
Deda,RVS,5,DUR
Dedelo,FDD,4,PSH
Dedesiya,BRV,8,BFN
Deelfontein,DEE,7,CDO
Deelkraal,CAR,4,JNB
Deelpan,DEP,5,KPR
Deepdale,HGL,3,PSH
Deeplevel,QQD,6,ELS
Delareyville,DLV,5,KPR
Delmas,DMS,3,WIR
Delportshoop,DLH,3,KIM
Deneysville,DYE,4,JNB
Dengwane,MTL,6,PSH
Dennehof,VDP,4,CPT
Dennilton,DNN,4,WIR
Derby,DBY,2,RTR
Derde Gelid,SEE,5,PTG
Derdepoort,DPT,5,RTR
Dertig,BBG,3,JNB
Despatch,DSH,1,PLZ
Detyana,OLM,3,ELS
Devilliersdale,BTK,4,PTG
Devon,DON,3,WIR
Devondale,QUD,6,DUR
Devonlea,DVL,6,KPR
Dewar,EWB,7,KIM
Dewetsdorp,DEW,3,BFN
Dhlabane,MHB,4,EMG
Dhlawu,LEK,4,ELS
Diamond,ASK,8,BFN
Diana,MTA,2,PTG
Dibeng,DEG,7,KIM
Dibeng,LMB,3,PTG
Didi,LBD,2,ELS
Dididi,THO,5,PTG
Die Berg,KFO,4,PLZ
Die Bos,DBO,8,CPT
Die Dam,ELI,5,CPT
Die Draai,TOW,5,CPT
Die Dwarsbank,ELI,5,CPT
Die Moot,SKP,3,RTR
Die Put,DIE,7,CDO
Die Vlug,DEV,4,GRJ
Diemansputs,DMP,5,UTN
Diepdale,AMD,6,NCS
Diepgezet,BNR,3,NLP
Diepkloof,PTB,6,GRJ
Diepkloof,DPK,1,JNB
Diepkuil,BSS,1,RTR
Dieprivier,PLE,4,GRJ
Diepsloot,DST,1,JNB
Dihekeng,RDW,4,JNB
Dihibidung,PVR,3,JNB
Dikathole,NBE,2,ELS
Dikebu,MBP,3,JNB
Dikela,LBD,2,ELS
Dikela,NSL,6,PSH
Dikeni,NOB,5,ELS
Dikgalaopeng,MGY,4,PTG
Dikgophaneng,MBP,3,JNB
Dikhing,KAM,6,KIM
Dikhohlong,MAF,6,PSH
Dikhuting,DKV,5,KIM
Diklipspoort,FSF,6,UTN
Diksbisang,KNP,7,PSH
Dilli Dilli,LDN,7,BFN
Dimbaza,DBZ,3,ELS
Dimbaza Industrial Area,DBZ,3,ELS
Dinakane,GSB,4,PTG
Dinana,CED,6,PSH
Dindela,HLO,5,WIR
Dingamanzi,GIY,5,PTG
Dingapong,BRD,5,NLP
Dingleton,SIN,7,KIM
Dingleydale,THU,4,NLP
Dingleydale,THU,4,NLP
Dinokana,LHR,5,RTR
Dinokaneng,DWG,4,RTR
Dinopeng,EWB,7,KIM
Dipetleloana,RAD,4,JNB
Diphale,SEE,5,PTG
Diphini,QKO,3,ELS
Diphini,QQD,6,ELS
Diphitshi,MGL,4,PTG
Diphokong,TIN,7,PSH
Diphuti,MIC,5,NLP
Dipompong,MBP,3,JNB
Diretsaneng,MGL,4,PTG
Dirkiesdorp,DIP,4,NCS
Disake,MDW,4,RTR
Disappointment,WPT,5,PTG
Ditatsu,BOC,3,PTG
Ditenteng,KLB,2,PTG
Dithabaneng,BTK,4,PTG
Dithabaneng,PEG,6,NLP
Dithakong,LYK,6,KIM
Ditichereng,TIN,7,PSH
Ditlhake,KFY,4,KIM
Ditloung,OFH,7,KIM
Ditshilabeleng,KAM,6,KIM
Ditshipeng,LUW,8,KPR
Ditshoseng,HLR,4,PTG
Ditshoswaneng,MBS,6,KIM
Dival,HPM,4,NCS
Djobhidaka,BRV,8,BFN
Dlabheneni,LAH,9,BFN
Dlakavu,BOA,6,ELS
Dlamini,DTF,5,CDO
Dlelengana,NSL,6,PSH
Dlepu,KGA,4,ELS
Dlolwana,DLL,5,EMG
Dlova,BYI,2,ELS
Dohne,SSH,4,ELS
Dokodela,LBD,2,ELS
Doli,BCH,4,PTG
Dolidoli,TSP,5,PTG
Dolophini,HLC,5,PSH
Domboni,MUE,7,PTG
Dominionville,HBR,2,KPR
Dondi,FLG,5,ELS
Dondolo,SKT,6,BFN
Dondotsha,MPO,2,EMG
Dongaba,AMA,3,ELS
Dongwe,BLN,2,ELS
Dongweni,LAF,6,ELS
Donkerpoort,HVD,5,BFN
Donnington,BRS,3,ELS
Donnybrook,DBK,4,DUR
Doornbosch,SEE,5,PTG
Doornbosch,SEE,5,PTG
Doornfontein,OZR,4,JNB
Doornfontein,KDK,4,RTR
Doornfontein,STS,4,RTR
Doornhoek,SMC,3,PTG
Doornkop,CLA,4,WIR
Doornlaagte,DEP,5,KPR
Doornlaagte,BLB,5,RTR
Doornpoort,GPS,3,PTG
Doornpoort,KOS,3,RTR
Doornrandjies,DST,1,JNB
Doornrivier,BDL,6,GRJ
Doornrivier,BJH,3,CDO
Doornspruit,MSH,2,PTG
Doornspruit,PHK,4,PTG
Dopeni,DZN,5,PTG
Dophu,LAF,6,ELS
Dordrecht,DDX,8,BFN
Doreen,TSP,5,PTG
Doring Bay,DGB,5,VDR
Doringbos,DSO,6,VDR
Doringbult,DBT,3,KPR
Doringdraai,LEB,3,PTG
Dornach,BGN,4,DUR
Dotye,BMA,2,PSH
Douglas,DLS,4,KIM
Douglas,BPZ,2,WIR
Dovedale,HWR,3,DUR
Dover,DVE,4,KPR
Dovesdale,DOV,3,KPR
Dovho,MUE,7,PTG
Dovhoni,THO,5,PTG
Draghoender,MDL,5,UTN
Drakensberg,GLB,4,BEM
Dratini,BLE,5,ELS
Draycott,NBH,5,DUR
Drayini,ENG,4,ELS
Drayini,KTP,9,BFN
Drayini,LAF,6,ELS
Drayini,QOM,5,ELS
Drayini,QMB,3,ELS
Drayton,CLN,4,CPT
Drennan,DRN,2,CDO
Driefontein,ITS,4,KPR
Driefontein,ASS,4,NCS
Driefontein,BCH,4,PTG
Driefontein,BTD,4,PSH
Driefontein,DNF,4,NCS
Driefontein,NUF,5,JNB
Driefontein,CHM,2,ELS
Driehoek,LOT,5,KPR
Driekoppies,KAL,3,NLP
Driekoppies,TOL,5,PTG
Driesprong,KPK,4,NLP
Drillhole,LUW,8,KPR
Driver's Drift,DTF,5,CDO
Drodrivier,DVR,6,GRJ
Drodvlakte,DVT,4,GRJ
Droogpan,VSD,4,RTR
Droogte,GPS,3,PTG
Drummond,HAE,2,DUR
Drummondlea,DMM,3,PTG
Drycut,MDD,1,NCS
Dubeni,QQD,6,ELS
Dudani,ELD,2,ELS
Dudfield,ITS,4,KPR
Dududu,UZO,4,DUR
Dudumashe,STM,5,ELS
Dudumeni,MGH,4,PSH
Duduza,DDZ,3,JNB
Duikersbos,LOT,5,KPR
Dukathole,GMT,1,JNB
Dukathole,AWL,6,BFN
Dukathole Ext 9,GMT,1,JNB
Duke,CAA,5,ELS
Dullstroom,DMR,4,WIR
Dumakude,SNW,5,DUR
Dumalisile,QRM,5,ELS
Dumasi,LSK,4,ELS
Dumasini,MTL,6,PSH
Dumba,QMB,3,ELS
Dumbe,PPB,4,NCS
Dumdum,BLY,8,BFN
Dumfries,TML,4,NLP
Dumisa,HHR,4,DUR
Dumisa,SNW,5,DUR
Dumphries,TML,4,NLP
Dumsi Mission,TNZ,5,ELS
Dumzela,QBQ,4,ELS
Dundee,DNE,3,NCS
Dundonald,DNA,6,WIR
Dunedin,HGB,4,ELS
Dungu,TNZ,5,ELS
Dunusani,NSL,6,PSH
Dupleston,DUP,5,BFN
Durban,DUR,1,DUR
Durbanville,VLL,1,CPT
Durnaco,DHR,2,NCS
Duthuni,THO,5,PTG
Dutyini,MTY,5,ELS
Dutywa,IDY,4,ELS
Dwaalboom,DWB,4,RTR
Dwaleni,WHI,2,NLP
Dwareni,STM,5,ELS
Dwarsberg,DWG,4,RTR
Dwarskersbos,DSS,2,VDR
Dwarsloop,BOS,4,NLP
Dwarsspruit,DZN,5,PTG
Dwesa,NQB,6,ELS
Dwyka,DWK,6,GRJ
Dyamala,FTR,4,ELS
Dyamala,SAD,5,ELS
Dyam-Dyam,CHM,2,ELS
Dyaphi,QQD,6,ELS
Dyasini,QOM,5,ELS
Dyhira,KEK,4,ELS
Dysselsdorp,DYS,3,GRJ
Dzamba,SIB,5,PTG
Dzanani Makhado,DZN,5,PTG
Dzingahe,SIB,5,PTG
Dzivhadolo,MKO,6,PTG
Dzwerani,KLT,5,PTG
Eagle,KGA,4,ELS
Eagle's Neck,EZI,4,ELS
Easington,FAL,5,PLZ
East Driefontein,FCR,4,JNB
East London,ELS,1,ELS
Eastlands,HGL,3,PSH
Eastlyn,PYR,4,KPR
Eastpoort,CHQ,5,PLZ
eBakaneni,EBE,4,ELS
Ebende,EBE,4,ELS
Ebenezer,PEA,3,PLZ
Ebenezer,PED,2,PSH
Ebenhaezer,CDO,1,CDO
eBhisiniya,NTS,4,ELS
eBhoyileni,BWH,4,ELS
eBhusabelo,KTP,9,BFN
eBika,BWH,4,ELS
eBongweni,BRB,2,ELS
eBongweni,IDY,4,ELS
eBongweni,NTS,4,ELS
Ebony Park,MID,1,JNB
Ebufumba,OLM,3,ELS
Ebuta,UMZ,5,DUR
eCacadu,LAF,6,ELS
eCancele,MFF,4,ELS
Echibini,IXO,4,DUR
eChibini,FLG,5,ELS
eChibini,IWE,6,ELS
eChibini,NSL,6,PSH
eChibini,QBA,8,BFN
Echovale,BRS,3,ELS
eCibini,CRY,3,ELS
eCwala,FAL,5,PLZ
Edangeni,OLB,7,PSH
eDangwane,MFF,4,ELS
Edashi,ROC,5,DUR
Edenburg,EBR,3,BFN
Edendale,PZB,3,DUR
Edenvale,GMT,1,JNB
Edenville,EDV,4,BEM
Edgeton,RVS,5,DUR
eDimbeni,KTI,4,ELS
Edinburgh,TML,4,NLP
Edinglassie,HAE,2,DUR
eDiphini,LAH,9,BFN
Edipini,DTF,5,CDO
eDrayini,CIO,4,ELS
eDrayini,FTR,4,ELS
eDrayini,PDD,5,PLZ
eDrayini,QBQ,4,ELS
Edwinsdale,CRL,4,PTG
Eendekuil,ENK,4,VDR
Eendrag,LND,3,WIR
Eensgevonden,EEN,3,BFN
Eenzaam,MLT,5,WIR
EERAM,ERM,4,BEM
Eerstegeluk,SEE,5,PTG
Eerstehoop,BTS,3,CPT
Eersterivier,FAU,1,CPT
Efama,CVB,5,ELS
Efama,FTR,4,ELS
Efata,UTT,1,ELS
Efaye,FNS,3,DUR
Efete,NON,4,EMG
Efuyeni,MPO,2,EMG
eGangeni,MFF,4,ELS
eGcabalata,LAN,3,ELS
Egcibhala,DTF,5,CDO
eGotyibeni,CRY,3,ELS
eGotyibeni,EBE,4,ELS
eGotyibeni,ELD,2,ELS
eGotyibeni,MTM,1,ELS
Egqina,FLG,5,ELS
eGqonci,EBE,4,ELS
eGqubeni,EZI,4,ELS
eGqubeni,NYK,4,ELS
eGqukesi,IDY,4,ELS
eGubevu,NTS,4,ELS
eGxakhulu,EZI,4,ELS
eGxojeni,ENG,4,ELS
eHlangalana,KTP,9,BFN
eHukwini,KTP,9,BFN
eHukwini,NOB,5,ELS
eHukwini,TSO,5,ELS
Eindelik,LSV,1,UTN
Eisleben,SMC,3,PTG
eJekezi,NTS,4,ELS
eJojweni,BEL,3,ELS
eJojweni,BRV,8,BFN
eJojweni,EZI,4,ELS
eJojweni,EZI,4,ELS
eJojweni,IDY,4,ELS
eJojweni,KTP,9,BFN
eJojweni,OLM,3,ELS
eJojweni,ROD,6,PSH
eJojweni,TSO,5,ELS
eJojweni,NQK,4,ELS
eJoweni,NTS,4,ELS
Ekandustria,EKG,3,JNB
Ekangala,EKG,3,JNB
eKhamangweni,NTS,4,ELS
eKomanishini,EZI,4,ELS
Ekombe,BRG,5,NCS
Ekombe,QUD,6,DUR
eKonene,NQB,6,ELS
Ekrozweni,NYK,4,ELS
Eksteenfontein,EKS,10,UTN
Ekubusisweni,UZO,4,DUR
Ekulindeni,HBK,4,NLP
eKunene,ENG,4,ELS
eKunene,OLM,3,ELS
Ekuphumleni,BLY,8,BFN
Ekuphumleni,SAD,5,ELS
Ekuphumuleni Mission,EMG,1,EMG
Ekuseni,HWE,4,EMG
Ekuthuleni,HAE,2,DUR
Ekuthuthukeni,NTB,4,NCS
Ekuvukeni,WAS,4,NCS
Ekuzameni,KZK,5,DUR
Ekuzameni,NQI,2,PSH
eLalini,BLE,5,ELS
eLalini,BWH,4,ELS
eLalini,BXS,3,ELS
eLalini,CAA,5,ELS
eLalini,CIO,4,ELS
eLalini,FBF,5,ELS
eLalini,KUM,9,BFN
eLalini,KWT,3,ELS
eLalini,NTS,4,ELS
eLalini,NTS,4,ELS
eLalini,STM,5,ELS
eLalini,TSK,6,ELS
eLalini,TSO,5,ELS
eLalini,TSO,5,ELS
eLalini,UTT,1,ELS
eLalini,LAN,3,ELS
eLalini,NTS,4,ELS
eLalini,PDD,5,PLZ
eLalini,TSO,5,ELS
Elands Bay,ELB,4,VDR
Elands Height,ELH,9,BFN
Elandsdoorn,DNN,4,WIR
Elandsdrift,WIN,2,KIM
Elandsdrift,CMG,3,CDO
Elandshoek,NGW,2,NLP
Elandshoek,AWL,6,BFN
Elandskop,RMD,3,DUR
Elandskraal,MON,2,RTR
Elandskraal,MGY,4,PTG
Elandskraal,ELK,4,NCS
Elandslaagte,ERT,4,WIR
Elandsputte,ELP,5,RTR
Elandsrand,BTR,3,JNB
Elandsridge,CAR,4,JNB
Elangeni,HAE,2,DUR
eLani,TSL,2,ELS
Elberta,MGS,2,RTR
Eldorado,DGR,5,PTG
eLengeni,EZI,4,ELS
eLeni,ASK,8,BFN
Elgin,EGN,3,CPT
Elim,ELI,5,CPT
Elim,EMH,4,PTG
Elima Soga,ASK,8,BFN
Elinus,AGS,2,CDO
Elithuthu,CAA,5,ELS
eLixeni,ASK,8,BFN
eLixeni,IDY,4,ELS
eLixeni,NTW,9,BFN
Ellesmere,UZO,4,DUR
Elliot,ELT,5,ELS
Elliotdale,ELD,2,ELS
Elmeston,ELM,6,RTR
Eloff,ELF,3,WIR
Elsburg Gold Mine,WTI,3,JNB
Elsiesrivier,GWO,1,CPT
Elston,MBS,6,KIM
Elucingweni,RVS,5,DUR
Elugudwini,MDT,4,ELS
Elukhasini,RVS,5,DUR
Elunyaweni,NTW,9,BFN
Elupepeni,STF,3,PSH
eLuqolweni,CRY,3,ELS
eLuqolweni,KTP,9,BFN
eLuqolweni,NCO,5,ELS
eLuqolweni,NTW,9,BFN
eLuqolweni,PDD,5,PLZ
eLuqolweni,QMB,3,ELS
eLuqolweni,TSK,6,ELS
eLuqolweni,CRY,3,ELS
eLuqolweni,TSO,5,ELS
Elusthabeni,TSO,5,ELS
eLusuthu,BWH,4,ELS
eLusuthu,ROD,6,PSH
eLuthuthu,NTS,4,ELS
Elutubeni,MTM,1,ELS
Eluxeni,LAF,6,ELS
Eluxolweni,BRB,2,ELS
eLuxomo,MYU,3,ELS
eLuzie Drift,LAH,9,BFN
Elysium,HBD,2,PSH
eMabheleni,EZI,4,ELS
eMabheleni,MYU,3,ELS
eMabheleni,MYU,3,ELS
eMabheleni,QMB,3,ELS
eMadokisini,IDY,4,ELS
eMadopholweni,EZI,4,ELS
Emadotyeni,DBZ,3,ELS
Emagiqweni,EBE,4,ELS
eMagqobhokeni,BRS,3,ELS
eMagwathini,EZI,4,ELS
eMagxeni,MFF,4,ELS
eMahemini,EZI,4,ELS
Emahlathini,UZO,4,DUR
eMahlathini,LAH,9,BFN
Emahlatini,DTF,5,CDO
eMahliwane,IDY,4,ELS
eMahlubini,ENG,4,ELS
eMahlubini,NTS,4,ELS
eMahlubini,PDD,5,PLZ
eMahlubini,KGA,4,ELS
eMahlutshini,ROC,5,DUR
Emakwetshubeni,LBD,2,ELS
eMalahleni,WIR,1,WIR
Emalangeni,UZO,4,DUR
eMalangweni,NTS,4,ELS
eMambabala,BWH,4,ELS
eMameneni,ENG,4,ELS
eMamfeneni,DTF,5,CDO
eMamfeneni,IDY,4,ELS
eMamfeneni,NTS,4,ELS
Emamfengewini,ASK,8,BFN
eMampondweni,HOB,4,ELS
eMampondweni,TNZ,5,ELS
Emanangeni,BTV,1,ELS
Emandabeni,CHH,5,NCS
eMandlaneni,LAN,3,ELS
Emandleni,UZO,4,DUR
eMangobomvu,NYK,4,ELS
eMangqangqa,QBQ,4,ELS
eMangqosinini,IDY,4,ELS
eMangweni,TGW,4,NLP
eMangweni,BEL,3,ELS
eMangweni,BXS,3,ELS
eMangweni,DBZ,3,ELS
eMangweni,ENG,4,ELS
eMangweni,KUM,9,BFN
eMangweni,MYU,3,ELS
eMantanjeni,BLE,5,ELS
eMantlaneni,TNZ,5,ELS
eMantlwaneni,CGL,3,ELS
Emapeleni,NGG,2,ELS
eMaphiko,EZI,4,ELS
eMaqocweni,MYU,3,ELS
Emaqwathini,BOA,6,ELS
Emaqwathini,KTP,9,BFN
Emarashu,FLG,5,ELS
eMarhambeni,MGH,4,PSH
eMarhambeni,MFF,4,ELS
eMarhawuleni,NTS,4,ELS
eMarhefedwaneni,EZI,4,ELS
eMaseleni,NTS,4,ELS
Emasendeni,CRY,3,ELS
eMathanga,NYK,4,ELS
Ematimatolo,AHR,5,DUR
eMatolweni,MYU,3,ELS
Ematsamraleni,KWA,4,ELS
eMatyabomvu,NTS,4,ELS
Ematyengonkomo,OLB,7,PSH
eMatyolweni,STM,5,ELS
eMawusheni,BWH,4,ELS
eMawusheni,NCO,5,ELS
Emaxhengweni,PDD,5,PLZ
Emazabekweni,HHR,4,DUR
eMazangweni,QBQ,4,ELS
Emazimeni,BOA,6,ELS
eMazizini,CRY,3,ELS
eMazizini,ELD,2,ELS
eMazizini,GAR,5,ELS
eMazizini,NTS,4,ELS
eMbabane,CRY,3,ELS
Embalenhle,EVD,3,WIR
eMbangweni,NTS,4,ELS
eMbangweni,ROD,6,PSH
eMbangweni,TNZ,5,ELS
eMbekweni,SAD,5,ELS
Embo,HAE,2,DUR
Embo,HAE,2,DUR
eMbonisiweni,LAH,9,BFN
eMbovu,NYK,4,ELS
Embulwane,KWS,4,DUR
eMbuqwini,IDY,4,ELS
eMcelwini,NYK,4,ELS
eMdungunyeni,LAN,3,ELS
Emgcwe,IDY,4,ELS
eMgqingweni,BWH,4,ELS
eMgudwane,BXS,3,ELS
Emgwenqo,NGG,2,ELS
eMhlanga,BZN,3,PSH
eMhlanga,IZN,2,PSH
eMhlanga,LBD,2,ELS
eMhlanga,NQB,6,ELS
Emhlanjeni,NGG,2,ELS
eMjikelweni,CRY,3,ELS
eMjikelweni,LUF,9,BFN
eMjikelweni,MFF,4,ELS
Emkhalaqhude,MHB,4,EMG
Emkhizweni,CHH,5,NCS
eMlindeni,NTS,4,ELS
eMmangweni,ENG,4,ELS
Emmaus Mission,UMZ,5,DUR
eMncuncuno,BWH,4,ELS
eMndwaka,NYK,4,ELS
Emnexe,CAA,5,ELS
Emntla,ASK,8,BFN
Emntla-Gwelane,MNB,5,ELS
eMnyamanzane,BWH,4,ELS
Emona,TON,2,DUR
Emondlo,NTB,4,NCS
Emotoleni,KEK,4,ELS
eMoyeni,EZI,4,ELS
eMoyeni,KTP,9,BFN
eMoyeni,MFF,4,ELS
Empa,BYI,2,ELS
Empangeni,EMG,1,EMG
eMpendlamoya,ROD,6,PSH
eMphesheya,EZI,4,ELS
Empindweni,BLE,5,ELS
Empumalanga,WHI,2,NLP
Emqcwe,IDY,4,ELS
eMrhotshozweni,KTI,4,ELS
Emtebe,MAI,1,ELS
Emthonjeni,AMA,3,ELS
Emthonjeni,DTF,5,CDO
Emthonjeni,DTF,5,CDO
eMthumeni,KTI,4,ELS
eMtonjeni,QBQ,4,ELS
eMtshabeni,NQK,4,ELS
Emtshavelweni,QRM,5,ELS
Emvubukazi,UMZ,5,DUR
Emvundweni,PZB,3,DUR
Emvunyane,NTB,4,NCS
eMxaxa,PDD,5,PLZ
Emzantsi,ASK,8,BFN
eMzinto,ROD,6,PSH
eMzitheni,EZI,4,ELS
eMzwini,NOB,5,ELS
Enable,OFL,5,PTG
eNcalukeni,HAD,9,BFN
eNcalukeni,KUM,9,BFN
eNcalukeni,LAF,6,ELS
eNcalukeni,QBQ,4,ELS
eNcalukeni,QMB,3,ELS
eNcenjana,EZI,4,ELS
eNcenjane,IZN,2,PSH
Encingweni,KWA,4,ELS
eNcorha,NQK,4,ELS
eNdelane,EBE,4,ELS
eNdende,NTS,4,ELS
eNdenya,EZI,4,ELS
eNdondakusuka,NRK,4,DUR
Enduli,CER,4,CPT
eNdulini,CRY,3,ELS
eNdulini,DTF,5,CDO
eNdulini,GAR,5,ELS
eNdulini,KTI,4,ELS
eNdulini,LAN,3,ELS
eNdulini,LSK,4,ELS
Endwe,ASK,8,BFN
eNgcacu,LAN,3,ELS
eNgcingcinikhwe,KGA,4,ELS
eNgcwangu,NQK,4,ELS
Engelaskuil,KFY,4,KIM
eNgojini,NTS,4,ELS
eNgojini,SAD,5,ELS
eNgonyama,IDY,4,ELS
eNgqanandana,EZI,4,ELS
eNgqanda,LAF,6,ELS
eNgqokweni,KWT,3,ELS
eNgquthu,KWT,3,ELS
Enguka,LWL,5,DUR
Engunjini,SNW,5,DUR
eNgwabeni,ALC,4,ELS
Engwaqa,SNW,5,DUR
eNgxalawa,NTS,4,ELS
eNgxingweni,ELH,9,BFN
eNgxingweni,ENG,4,ELS
eNgxingweni,LAH,9,BFN
eNgxingweni,MYU,3,ELS
eNgxingweni,NYK,4,ELS
eNgxingweni,TSO,5,ELS
Engxogi,LAN,3,ELS
Enhlahleni,CAL,4,NCS
eNhlalakahle,GTN,4,DUR
eNhlalakahle,MUD,5,DUR
Enhlangwini,STF,3,PSH
Eniwe,FXT,1,EMG
eNjeni,NYK,4,ELS
Enjiveni,OLB,7,PSH
eNkalweni,LAH,9,BFN
eNkalweni,NQK,4,ELS
eNkalweni,IWE,6,ELS
eNkangeni,CRY,3,ELS
Enkanyisweni,RMG,1,PSH
eNkelenkethe,QBQ,4,ELS
Enkululekweni,AMA,3,ELS
eNkunkumeni,EBE,4,ELS
Enkwelaba-Ntwana,BUW,4,DUR
Ennersdale,ECT,5,DUR
Enon,KKD,3,PLZ
eNonzaba,KTP,9,BFN
Ensam,WIS,6,ELS
Enselsrus,MOO,5,KPR
Ensingweni,GIN,2,EMG
Entabeni,ZNV,1,RTR
eNtabeni,KTI,4,ELS
Entebani,BEL,3,ELS
Enterprise,WPT,5,PTG
eNtilini,BEL,3,ELS
eNtilini,NBE,2,ELS
eNtilini,NYK,4,ELS
eNtilini,RHM,4,ELS
eNtilini,TSO,5,ELS
eNtlakwendlela,NBE,2,ELS
eNtlakwendlela,NTS,4,ELS
eNtlekiseni,NTS,4,ELS
eNtlekiseni,NTS,4,ELS
eNtlekiseni,NTS,4,ELS
eNtombo,NQK,4,ELS
eNtshatshongo,EBE,4,ELS
eNtshatshongo,EZI,4,ELS
eNtshingeni,EBE,4,ELS
eNtshingeni,NOT,8,PSH
eNtshingeni,NTS,4,ELS
eNtshingeni,NYK,4,ELS
eNtshutshweni,NYK,4,ELS
Entsimekweni,HSL,7,BFN
eNtsonyane,NYK,4,ELS
eNtsukaze,BWH,4,ELS
eNtsukaze,GAO,8,BFN
Entumeni,ENT,4,EMG
eNtwala,EZI,4,ELS
eNtwashini,CRY,3,ELS
eNtwashwini,ENG,4,ELS
eNtwashwini,NOB,5,ELS
eNyabavu,EZI,4,ELS
Enyandeni,CRY,3,ELS
Enyandeni,MAI,1,ELS
Enyanisweni,RVS,5,DUR
eNyanisweni,BZN,3,PSH
eNyanisweni,QMB,3,ELS
eNyibibeni,KUM,9,BFN
ePhole,CHM,2,ELS
eQeto,FAL,5,PLZ
eQhinebe,MYU,3,ELS
eQokama,MYU,3,ELS
eQolweni,BXS,3,ELS
eQolweni,BYI,2,ELS
eQolweni,ENG,4,ELS
eQolweni,NTS,4,ELS
eQumrha,MFF,4,ELS
eQuthubeni,ENG,4,ELS
eRamatiya,HAD,9,BFN
Ereyini,BRS,3,ELS
eRhala,BWH,4,ELS
eRhamnyiba,BRS,3,ELS
eRhoxeni,ALC,4,ELS
eRhoxeni,BWH,4,ELS
eRhwantsini,EBE,4,ELS
Erifaro,LTA,4,PTG
Erika,VYD,4,NCS
Ermelo,EML,4,WIR
eSantini,NTS,4,ELS
Esaurinca,DGR,5,PTG
Esehlabeni,LEH,6,PSH
Esgangeni,KWA,4,ELS
eShekilweni,KTI,4,ELS
Eshowe,ESH,2,EMG
Esibayeni,TGW,4,NLP
eSibhaxeni,KTI,4,ELS
Esibomvu,NKA,4,EMG
Esibovini,SNW,5,DUR
eSidutyini,BWH,4,ELS
Esigadini,EZI,4,ELS
eSigangala,QBQ,4,ELS
eSigangeni,LUF,9,BFN
eSigangeni,NCO,5,ELS
eSigingqini,FAL,5,PLZ
eSigingqini,FBF,5,ELS
eSigingqini,NQK,4,ELS
eSigingqini,QBQ,4,ELS
Esigodini,NTB,4,NCS
Esigubude,TSO,5,ELS
eSihlabeni,BOA,6,ELS
eSihlabeni,CRY,3,ELS
eSihlabeni,LAN,3,ELS
eSihlabeni,MYU,3,ELS
eSihlabeni,NTS,4,ELS
eSihlabeni,MYU,3,ELS
Esikhalweni,NSL,6,PSH
Esikhawini,FXT,1,EMG
eSikhobeni,CRY,3,ELS
eSikhwani Outlying,FXT,1,EMG
Esikobeni,CAA,5,ELS
Esikoko,WAS,4,NCS
Esikolweni,BXS,3,ELS
Esikolweni,FLG,5,ELS
Esikolweni,NQK,4,ELS
Esikolweni,KTI,4,ELS
eSilevini,ENG,4,ELS
Esilindini,SKT,6,BFN
Esingangeni,EBE,4,ELS
eSingeni,MTY,5,ELS
eSingeni,QBQ,4,ELS
eSingeni,STM,5,ELS
eSingingqini,FTR,4,ELS
Esinqumeni,MYU,3,ELS
Esinyanduleni,DBZ,3,ELS
Esiqikini,BZN,3,PSH
Esiqikini,QMB,3,ELS
eSiqithini,NTS,4,ELS
eSirhosheni,QBQ,4,ELS
eSithenjini,MYU,3,ELS
Esithlontweni,BTD,4,PSH
eSithombeni,IZN,2,PSH
Esitishini,MFF,4,ELS
Esitshayelweni,NOT,8,PSH
eSixekweni,BIS,3,ELS
eSixekweni,MDT,4,ELS
eSixekweni,QQD,6,ELS
eSixekweni,KWA,4,ELS
eSixholosi,ENG,4,ELS
Esixhotyeni,CRY,3,ELS
Esixhotyeni,CVB,5,ELS
Esixhotyeni,NQK,4,ELS
Esixotyeni,TSO,5,ELS
Esizindeni,SNW,5,DUR
Esizindidi,TSO,5,ELS
Eskdale,LUW,8,KPR
Eskweleni,OLM,3,ELS
Espagsdrif,EPD,4,KIM
Esperanza,SDL,6,KIM
Estcourt,ECT,5,DUR
Esterhof,RKK,4,VDR
eTafileni,BLE,5,ELS
eTaleni,ENG,4,ELS
Ethafeni,DTF,5,CDO
Ethalaneni,NKA,4,EMG
Ethekwini,SOG,3,DUR
Etheldale,MAF,6,PSH
eThembalethu,LAH,9,BFN
Etholeni,WAS,4,NCS
eThunga,NQK,4,ELS
eThwishini,BLE,5,ELS
eTolweni,NTS,4,ELS
eTombelihle,KTP,9,BFN
eTshayiyani,BWH,4,ELS
Etwa,KTP,9,BFN
Etwatwa,SPR,2,JNB
Etyeni,TSL,2,ELS
eTyhila,QBQ,4,ELS
eTyinindini,SKT,6,BFN
Euing,IDY,4,ELS
Eureka,GNY,8,KPR
Eureka,AVC,2,NLP
Evander,EVD,3,WIR
Evaton,SBK,3,JNB
Everton,MBS,6,KIM
Everton,QTN,6,ELS
eVotini,EZI,4,ELS
Ewelamlambo,VRN,2,WIR
eXalabeni,BYI,2,ELS
Excelsior,EXC,3,BFN
Excelsior,BNF,1,CPT
Exeni,DTF,5,CDO
Exesi,KWA,4,ELS
Expectation,BTD,4,PSH
Ezakheni,LAY,4,NCS
Ezelsfontein,BVN,7,CPT
Ezibeleni,QTN,6,ELS
eZibondeni,EZI,4,ELS
eZidulini,MFF,4,ELS
Ezihewulweni,BON,4,PSH
Ezilonyeni,NON,4,EMG
eZimbuku,IDY,4,ELS
eZimbuzane,IDY,4,ELS
Ezimpungeni,BTD,4,PSH
Ezimpungeni,MTM,1,ELS
Ezinkozweni,LBD,2,ELS
eZintukwini,NTS,4,ELS
Ezinyosini,ROC,5,DUR
eZiqhorhana,CIO,4,ELS
eZitandini,EZI,4,ELS
Ezitendeni,HHR,4,DUR
Ezizweni,NTS,4,ELS
Ezola Village,BWP,4,CDO
eZweledinga,TSK,6,ELS
Faans Grove,FAG,6,UTN
Fafung,ASN,4,RTR
Fahla,LSK,4,ELS
Fahlaza,MNI,4,NCS
Fair Holt,GLR,3,CDO
Fair View,PDD,5,PLZ
Fairbreeze,OZI,1,NCS
Fairfield,NAP,5,CPT
Fairview,HBD,2,PSH
Falakahla,EBE,4,ELS
Falloden,FAL,5,PLZ
Fama,NOB,5,ELS
Fameni,BYI,2,ELS
Fameni,ELH,9,BFN
Famini,IWE,6,ELS
Faraday,NTW,9,BFN
Fasimba,EMG,1,EMG
Fateng-Tse-Ntsho,PLR,2,BEM
Fauresmith,FMR,4,BFN
Fawnleas,FNS,3,DUR
Fefe,MAT,6,PTG
Fela,MTY,5,ELS
Felixton,FXT,1,EMG
Feloana,BSB,2,BFN
Fernie,DNA,6,WIR
Ferreira,BFN,1,BFN
Fertilis,HNB,3,PTG
Ficksburg,FXB,4,BEM
Fikeni,MTY,5,ELS
Finala,MIC,5,NLP
Finchley,UMZ,5,DUR
Fisanthoek,PLE,4,GRJ
Fisantkraal,BNF,1,CPT
Fish Hoek,STX,1,CPT
Fisherhaven,HAW,3,CPT
Flagstaff,FLG,5,ELS
Fletcherville,TIN,7,PSH
Flinkdale Estate,DPE,1,CPT
Flint,OZI,1,NCS
Florisbad,FLB,2,BFN
Floukraal,CLL,7,BFN
Fobane,KNP,7,PSH
Fochville,FCR,4,JNB
Fofoza,NKB,4,PTG
Folweni,UML,2,DUR
Fondwe,LEV,5,PTG
Fontaine Du Champ,DGR,5,PTG
Fordyce,BOA,6,ELS
Fort Beaufort,FBF,5,ELS
Fort Brown,GHO,4,PLZ
Fort Cox,MDT,4,ELS
Fort Cox College,MDT,4,ELS
Fort Donald,FDD,4,PSH
Fort Hare,FTR,4,ELS
Fort Hook,LDN,7,BFN
Fort Louis Mission,BBN,4,EMG
FORT MISTAKE,FMM,2,NCS
Fort Mtombeni,FMB,4,DUR
Fort Murray,BRB,2,ELS
Fort Nottingham,RDC,4,DUR
Fortini,QBQ,4,ELS
Forty,GAR,5,ELS
Fouriesburg,FRR,2,BEM
Fourieshoop,CFT,8,KPR
FRANCISTOWN,FRW,9,GBE
Frankfort,FFO,4,BEM
Frankfort,AMA,3,ELS
Frankland,DSA,2,PSH
Franklin,FKN,5,PSH
Franschhoek,FSK,3,CPT
Fransenhof,FSF,6,UTN
Franskraal Strand,GAA,5,CPT
Fraserburg,FSG,8,GRJ
Frederickshoek,TRF,4,BFN
Freemantle,LAF,6,ELS
Freistad,KNP,7,PSH
Frenchay West,FNS,3,DUR
Frere,FRH,5,DUR
Fresh Waters,AMA,3,ELS
Friedenau,UZO,4,DUR
Friendship,WPT,5,PTG
Fripp,ORW,4,PTG
Frischgewaagd,SUN,2,RTR
Frischgewaagd,BHK,2,RTR
Frischgewaagd,COM,4,NCS
Frischgewaagd,PHK,4,PTG
Frisgewaagt,GYD,5,KPR
Fubu,BLE,5,ELS
Futye,ELD,2,ELS
Ga Tshefoqe,ASN,4,RTR
Ga-Abele,NKO,5,PTG
Gaarside,TSP,5,PTG
Gaba,MKO,6,PTG
Gabajana,FLG,5,ELS
Gabazi,QMB,3,ELS
Gabeni,OLB,7,PSH
Gabheni,NGB,4,PSH
Ga-Boelang,KAX,4,NLP
GABORONE,GBE,1,GBE
Ga-Diboye,EWB,7,KIM
Ga-Dikgale,BTK,4,PTG
Ga-Dikgale,SOM,2,PTG
Ga-Disane,EWB,7,KIM
Ga-Dukakgomo,MGL,4,PTG
Gaetsho,LHR,5,RTR
Ga-Femane,HLR,4,PTG
Gaga,ALC,4,ELS
Ga-Habedi,ASN,4,RTR
Ga-Hlahla,KLB,2,PTG
Ga-Hlako,BTK,4,PTG
Ga-Hlako,MKN,4,PTG
Ga-Keetse,BTK,4,PTG
Ga-Keta,BUW,4,DUR
Ga-Kgapane,DVF,4,PTG
Ga-Kgara,BOC,3,PTG
Ga-Kgoroshi,MTA,2,PTG
Ga-Kgubudi,MWL,3,PTG
Ga-Kibi,VIV,4,PTG
Ga-Kobe,BTK,4,PTG
Ga-Kobo,KLB,2,PTG
Ga-Kolopo,BOC,3,PTG
Ga-Komane,BRD,5,NLP
Ga-Komape,KLB,2,PTG
Ga-Koranta,HLR,4,PTG
Gala,BUW,4,DUR
Gala Reserve,CAA,5,ELS
Galakwin,GLL,3,PTG
Galali,MFF,4,ELS
Ga-Lamola,BTK,4,PTG
Galane,LAH,9,BFN
Galatyeni,MGH,4,PSH
Galax,IWE,6,ELS
Ga-Lebelo,MGL,4,PTG
Ga-Lekgothoane,MKW,2,PTG
Ga-Lepadima,GLL,3,PTG
Galeshewe Proper,GSH,1,KIM
Ga-Letolo,GMP,7,KIM
Ga-Letwaba,MWL,3,PTG
Galili,IDA,8,BFN
Ga-Lotlhare,EWB,7,KIM
Ga-Luka,PHE,1,RTR
Ga-Mabeba,BTK,4,PTG
Ga-Mabelebele,CRL,4,PTG
Ga-Mabin,BRD,5,NLP
Ga-Mabitsela,BTK,4,PTG
Ga-Mabitsela,KLB,2,PTG
GaMaboi,MKW,2,PTG
Ga-Mabotha,BTK,4,PTG
Ga-Mabotsa,PEG,6,NLP
Ga-Mabotsa,PTG,1,PTG
Ga-Mabuela,MAP,3,PTG
Ga-Mabulana,GMD,4,PTG
Ga-Mabusela,LMB,3,PTG
Ga-Madiba,MSH,2,PTG
Ga-Madibeng,BTK,4,PTG
Ga-Madisaleolo,GPS,3,PTG
Ga-Madubu,LUW,8,KPR
Ga-Maepa,JFH,4,PTG
Ga-Maesela,LEB,3,PTG
Ga-Maeteletsa,WPT,5,PTG
Ga-Mafate,KNV,5,PTG
Ga-Mafefe,PEG,6,NLP
Ga-Magongwa,MWL,3,PTG
Ga-Mahlanya,JFH,4,PTG
Ga-Mahlokwane,PEG,6,NLP
Ga-Mahoai,MTA,2,PTG
Ga-Maila,JFH,4,PTG
Ga-Maila,JFH,4,PTG
Ga-Maja,GKK,2,PTG
GaMakanye,MKW,2,PTG
Ga-Makgatle,HLO,5,WIR
Ga-Makgoba,CUR,3,PTG
Ga-Makharankana,MGY,4,PTG
Ga-Makhwae,SEE,5,PTG
Ga-Makopa,JFH,4,PTG
Ga-Malaka,GLC,4,PTG
Ga-Malapile,MGL,4,PTG
Ga-Malebana,MAP,3,PTG
Ga-Malekana,KNV,5,PTG
Ga-Malepe,PEG,6,NLP
Ga-Malia,JFH,4,PTG
Ga-Maloka,MAP,3,PTG
Ga-Malokela,BTK,4,PTG
Ga-Malope,MGL,4,PTG
Ga-Mamadila,MSH,2,PTG
Ga-Mamanyoha,HLR,4,PTG
Ga-Mamatlhola,OFL,5,PTG
Ga-Mametsa,PEG,6,NLP
Ga-Mamogwasa,GPS,3,PTG
Ga-Mamohwibidu,BTK,4,PTG
Ga-Mamoleka,TOL,5,PTG
Ga-Mampane,PHK,4,PTG
Ga-Mampote,BTK,4,PTG
Ga-Mampuru,KNV,5,PTG
Ga-Mampuru,KNV,5,PTG
Ga-Mampuru,MGY,4,PTG
Ga-Manamela,MBL,4,RTR
Ga-Mangou,MTA,2,PTG
Ga-Manje,OFL,5,PTG
Ga-Mankgodi,BTK,4,PTG
Ga-Mankgodi,TOL,5,PTG
Ga-Mankgodi,BTK,4,PTG
Ga-Mankopane,LEB,3,PTG
Ga-Manthata,BOC,3,PTG
Ga-Mantlhodi,BTK,4,PTG
Ga-Manyanyane,PHK,4,PTG
Ga-Maotele,KAX,4,NLP
Ga-Mapangula,MSH,2,PTG
Ga-Mapela,MAP,3,PTG
Ga-Mapela,MAP,3,PTG
Ga-Maphalle,HLR,4,PTG
Ga-Maphoto,DGR,5,PTG
Ga-Maria,NUF,5,JNB
Ga-Maribana,KLB,2,PTG
Ga-Marishane,GLC,4,PTG
Ga-Maroga,PEG,6,NLP
Ga-Masabela,JFH,4,PTG
Ga-Masabela,JFH,4,PTG
Ga-Masehlong,BOC,3,PTG
Ga-Masekwa,BTK,4,PTG
Ga-Maselela,BTK,4,PTG
Ga-Masemola,LEB,3,PTG
Ga-Masenya,MAP,3,PTG
Ga-Masepa,KAM,6,KIM
Ga-Masha,KNV,5,PTG
Ga-Mashabela,JFH,4,PTG
Ga-Mashashane,MSH,2,PTG
Ga-Mashegwane,JFH,4,PTG
Ga-Mashishi,PEG,6,NLP
Ga-Masiane,GLL,3,PTG
Ga-Masilela,MWS,3,RTR
Ga-Masipa,GSB,4,PTG
Ga-Masisimale,NAM,6,PTG
Ga-Masisimale,NAM,6,PTG
Ga-Matamanyane,KLB,2,PTG
Ga-Mathabatha,CUR,3,PTG
Ga-Mathekga,MGL,4,PTG
Ga-Mathipa,SEE,5,PTG
Gamathule,BDX,4,PTG
Ga-Matimpule,NUF,5,JNB
Ga-Matipane,GMD,4,PTG
Ga-Matlala,JFH,4,PTG
Ga-Matlala,LEB,3,PTG
Ga-Matlala,MGY,4,PTG
Ga-Matlapa,MSH,2,PTG
Ga-Matloponya,MLT,5,WIR
Ga-Matshatsha,JFH,4,PTG
Ga-Matshogo,LHR,5,RTR
Ga-Matswe,GMD,4,PTG
Ga-Maupa,HLR,4,PTG
Gamela,LCT,5,PTG
Ga-Mmabasotho,KLB,2,PTG
Ga-Mmalepeteke,MWL,3,PTG
Ga-Mmamogolo,PEG,6,NLP
Ga-Mmatemana,BTK,4,PTG
Ga-Mmathongwana,GLL,3,PTG
Ga-Modikana,KLB,2,PTG
Ga-Modipana,MAP,3,PTG
Ga-Modjadji,GMD,4,PTG
Ga-Modjadji,GMD,4,PTG
Gamoduana,DKV,5,KIM
Ga-Moeka,MBP,3,JNB
Gamoep,GAM,8,UTN
Ga-Mogajane,BSS,1,RTR
Ga-Mogano,MKW,2,PTG
Ga-Mogashoa,JFH,4,PTG
Ga-Mogoboya,LTA,4,PTG
GaMogopa,GRF,3,RTR
Ga-Mohlabe,OFL,5,PTG
Ga-Mohlale,JFH,4,PTG
Ga-Mokaba,MWL,3,PTG
Ga-Mokgatlhe,LHR,5,RTR
Ga-Mokgehle,BOC,3,PTG
Ga-Mokgokong,PTG,1,PTG
Ga-Mokgopo,SOM,2,PTG
Ga-Mokgwathi,LCT,5,PTG
Ga-Mokibelo,KLB,2,PTG
Ga-Mokobodi,GLL,3,PTG
Ga-Mokone,MBP,3,JNB
Ga-Mokopane,BTK,4,PTG
Ga-Mokwasele,GMD,4,PTG
Ga-Mokwele,BOC,3,PTG
Ga-Mokwena,LMB,3,PTG
Ga-Moleele,BOC,3,PTG
Ga-Molekana,MAP,3,PTG
Ga-Molekwa,MGL,4,PTG
Ga-Molepane,JFH,4,PTG
Ga-Molepo,HNB,3,PTG
Ga-Moloi,GLC,4,PTG
Ga-Moloko,GMD,4,PTG
Ga-Monare,MKN,4,PTG
Ga-Monene,MGL,4,PTG
Ga-Mongatane,PEG,6,NLP
Ga-Monyebodi,BTK,4,PTG
Ga-Monyeki,OVY,5,PTG
Ga-Mookgo,NKB,4,PTG
Ga-Mopedi,GMP,7,KIM
Ga-Moretsele,JFH,4,PTG
Ga-Moroko,HLR,4,PTG
Ga-Morona,LUW,8,KPR
Ga-Mosidi,GSB,4,PTG
Ga-Mosoge,MAP,3,PTG
GaMothapo,MKW,2,PTG
Ga-Mothapo,GLL,3,PTG
Ga-Mothapo,MKW,2,PTG
Ga-Mothele,HLR,4,PTG
GaMothiba,MKW,2,PTG
Ga-Mothibi,MBS,6,KIM
Ga-Mothobeki,HLR,4,PTG
Ga-Motlakgomo,BTK,4,PTG
Ga-Motlana,MOK,4,PTG
Ga-Motlatla,GRP,4,RTR
Ga-Motle,MBP,3,JNB
Ga-Motlhware,EWB,7,KIM
Ga-Motodi,BGF,5,PTG
Ga-Motsamai,GMP,7,KIM
Ga-Motshana,PEG,6,NLP
Ga-Motshemi,BTK,4,PTG
Ga-Mpuru,KNV,5,PTG
Gamtoos River Mouth,LRE,3,PLZ
Ga-Musi,MKN,4,PTG
Ganap,EWB,7,KIM
Gandlanani,MLM,6,PTG
Ganfana,QBQ,4,ELS
Gangala,NQI,2,PSH
Gangata,LBD,2,ELS
Gangeni,FLG,5,ELS
Ga-Ngwepe,BTK,4,PTG
Ga-Ngwetsana,MTA,2,PTG
Ga-Nkidikitlana,MGL,4,PTG
Ga-Nkobo,BTK,4,PTG
Ga-Nkwana,LEB,3,PTG
Gannakraal,RUB,2,GRJ
Ga-Nonyane,MTA,2,PTG
Gansbaai,GAA,5,CPT
Gansevlei,PLE,4,GRJ
Ganskuil,GAN,4,RTR
Ganspan,GSP,4,KIM
Ga-Ntata,HLR,4,PTG
Ga-Ntatelang,SDL,6,KIM
Ganyesa,GNY,8,KPR
Ga-Pamadi,HLO,5,WIR
Ga-Phago,KLB,2,PTG
Ga-Phagodi,BOC,3,PTG
Ga-Phahla,JFH,4,PTG
Ga-Phahla,JFH,4,PTG
Ga-Phasa,JFH,4,PTG
Ga-Phasa,KLB,2,PTG
Ga-Phasha,DRR,2,PTG
Ga-Phasha,PEG,6,NLP
Ga-Phaswana,GPS,3,PTG
Ga-Phetla,MLT,5,WIR
Ga-Phooko,MAM,4,PTG
Ga-Piet,KLB,2,PTG
Ga-Pitiela,EWB,7,KIM
Ga-Podile,PEG,6,NLP
Ga-Poopedi,BOC,3,PTG
Gaqa,KWA,4,ELS
Ga-Rabogale,LCT,5,PTG
Ga-Radingwana,JFH,4,PTG
Ga-Radingwana,JFH,4,PTG
Ga-Rakgwatha,GPS,3,PTG
Ga-Rakoma,LTA,4,PTG
Ga-Rakwele,DGR,5,PTG
Ga-Ralenkwane,GSB,4,PTG
Ga-Ramakara,MTA,2,PTG
Ga-Ramaroka,HLR,4,PTG
Garamatale,MBS,6,KIM
Ga-Ramela,GLL,3,PTG
Ga-Rametlwana,MTA,2,PTG
Ga-Rammutla,BOC,3,PTG
Ga-Rammutla,BOC,3,PTG
Ga-Ramodingwana,BDS,3,KPR
Ga-Ramodumo,HLR,4,PTG
Ga-Ramokadi-Kadi,MTA,2,PTG
Ga-Ramokgopa,KLT,5,PTG
Ga-Ramokoka,ATL,3,RTR
Ga-Ramongoana,KLB,2,PTG
Ga-Ramoshwane,MTA,2,PTG
Ga-Ramotlokana,BTK,4,PTG
Ga-Rampepe,HLR,4,PTG
Ga-Ramphere,MKW,2,PTG
Ga-Rampuru,MTA,2,PTG
Ga-Rankhuwa,KLB,2,PTG
Ga-Rankuwa,GKA,2,JNB
Ga-Rantlakane,MOK,4,PTG
Garantlapane,MBP,3,JNB
Ga-Rantobeng,JFH,4,PTG
Ga-Rapadi,MKN,4,PTG
Ga-Raphahlelo,MAM,4,PTG
Ga-Raphokola,DGR,5,PTG
Ga-Rasai,ASN,4,RTR
Ga-Rawesi,BTK,4,PTG
Garfield,ALC,4,ELS
Ga-Riba,BGF,5,PTG
Gariele,EWB,7,KIM
Gariep Dam,HVD,5,BFN
Garies,GRS,9,UTN
Garners Drift,GAR,5,ELS
Garryowen,GAO,8,BFN
Ga-Sako,BOC,3,PTG
Ga-Seane,LHR,5,RTR
Ga-Seaphole,HLR,4,PTG
Ga-Sebati,MKW,2,PTG
Ga-Sebolao,GMP,7,KIM
Ga-Sebotse,BTK,4,PTG
Ga-Sehubane,GMP,7,KIM
Ga-Sehunelo,EWB,7,KIM
Ga-Sekgopo,MKI,3,PTG
Ga-Sekororo,PEG,6,NLP
Ga-Sekororo,OFL,5,PTG
Ga-Seleka,WPT,5,PTG
Ga-Selepe,PEG,6,NLP
Ga-Selolo,MTA,2,PTG
Ga-Selwana,MUL,5,PTG
Ga-Semenya,KLB,2,PTG
Ga-Seroka,JFH,4,PTG
Ga-Sese,LKG,8,UTN
Ga-Setshaba,MTA,2,PTG
Gataote,LSS,4,KIM
Ga-Taueatswala,MKN,4,PTG
Ga-Tefu,BOC,3,PTG
Ga-Thaba,GKK,2,PTG
Ga-Tibu,BOC,3,PTG
Ga-Tisana,JFH,4,PTG
Ga-Tshaba,MAP,3,PTG
Ga-Tshipana,GLL,3,PTG
Ga-Tshokwe,MGL,4,PTG
Ga-Tshwene,GKK,2,PTG
Ga-Tshwene,WHI,2,NLP
Ga-Tsogwe,HAV,4,JNB
Ga-Wannankaya,HNB,3,PTG
Gaybrook,BTD,4,PSH
Gazini,CFB,4,ELS
Gbini,IWE,6,ELS
Gcabalata,LAN,3,ELS
Gciala,MNB,5,ELS
Gcibala,TSO,5,ELS
Gcibaloma,TSO,5,ELS
Gcilima,BMA,2,PSH
Gcina,SKT,6,BFN
Gcina,NCO,5,ELS
Gcina,LUF,9,BFN
Gcinisa,BEL,3,ELS
Gcwaleni,NSL,6,PSH
Gcwensa,FNS,3,DUR
Gcwentsa,BTD,4,PSH
Gedion,TOL,5,PTG
Geelbek,LGR,7,CPT
Geilishana,BWH,4,ELS
Geju,KEK,4,ELS
Geluk,KRO,4,KPR
Geluk,GEL,7,KPR
Geluk's Location,JFH,4,PTG
Geluksburg,GLB,4,BEM
Gelukspan,MOO,5,KPR
Gelukspruit,GLS,2,UTN
Gemsbokvlakte,GEM,7,KPR
Gemvale,GVE,6,PSH
Genadendal,GND,5,CPT
Genazano,TON,2,DUR
Geneva,GEN,4,KPR
Gengqephezulu,NGQ,2,ELS
Genua,TOL,5,PTG
George,GRJ,1,GRJ
Geraldine,MAM,4,PTG
Gerdau,GDY,3,KPR
Germistion,CRI,5,DUR
Germiston,GMT,1,JNB
Gesini,NCO,5,ELS
Gesini,NOB,5,ELS
Geysdorp,GYD,5,KPR
Gezubuso,PZB,3,DUR
Ghandlanani,HMG,4,PTG
GHANZI,GHZ,10,GBE
Gidjana,MLM,6,PTG
Giesenkraal,GIE,7,KIM
Gijamandzini,MLM,6,PTG
Gilead,GLL,3,PTG
Gingindlovu,GIN,2,EMG
Girdwood,NQK,4,ELS
Giyani,GIY,5,PTG
Gladstone,TCR,3,BFN
Glasgow,BZT,4,NCS
Glaudina,ALB,4,KPR
Glen,GLN,1,BFN
Glen Cowie,GLC,4,PTG
Glen Echo,HBD,2,PSH
Glen Harvie,WTI,3,JNB
Glen Lennie,AFY,3,BEM
Glen Muir,CIA,2,ELS
Glen Rock,GLR,3,CDO
Glen Roy,MSH,2,PTG
Glen Roy,SPV,4,CDO
Glenbella,ECT,5,DUR
Glencairn,SAD,5,ELS
Glencliff,BED,4,CDO
Glencoe,GJO,2,NCS
Glencoe,BOA,6,ELS
Glenconnor,GNQ,4,PLZ
Glendale,OTM,4,DUR
Glendon,BRG,5,NCS
Gleneric,MFF,4,ELS
Glenferness,CRL,4,PTG
Glengariff,CIA,2,ELS
Glengarry,BTD,4,PSH
Glengazi,NSL,6,PSH
Glenmore,CMM,4,ELS
Glenmore Beach,PED,2,PSH
Glenrock,GFS,3,BFN
Glenside,FNS,3,DUR
Glentana,SKB,1,GRJ
Glenwood,AMA,3,ELS
Gloria,GLO,2,WIR
Glosam,LHA,6,UTN
Gloucester,STF,3,PSH
Gluckstadt,GLU,5,NCS
Gngweni,BLE,5,ELS
Goba,TGW,4,NLP
GOBABIS,GBS,6,WDH
Gobe,QBQ,4,ELS
Gobhoti,ENG,4,ELS
Goboti,ENG,4,ELS
Gobozana,DBZ,3,ELS
Godidi,KTI,4,ELS
Godidi,KWT,3,ELS
Godini,NGG,2,ELS
Godini,TSL,2,ELS
Godwan River Estates,NGW,2,NLP
Godzi,TSL,2,ELS
Goede Hoop,LMB,3,PTG
Goedehoop,ASK,8,BFN
Goedehoop,WEG,3,CPT
Goedemoed,GGM,5,BFN
Goedgedacht,OWD,5,KIM
Goedgedacht,PHK,4,PTG
Goedgeloof,CAO,5,EMG
Goedgevonden,MOO,5,KPR
Goedgevonden,GLL,3,PTG
Goedgevonden,SIF,1,KPR
Goedverwacht,GVW,3,VDR
Goedverwacht,MAM,4,PTG
Gogogo,SIB,5,PTG
Gogogo,NOT,8,PSH
Goingoa,GAR,5,ELS
Goji,KTP,9,BFN
Golden Valley,CHQ,5,PLZ
Golela,GOL,6,EMG
Golela,BNY,5,PSH
Goli,NOT,8,PSH
Golomane,KTP,9,BFN
Golomi,MAI,1,ELS
Gomane,BUW,4,DUR
Gombani,TSP,5,PTG
Gomolo,NSL,6,PSH
Gomvlei,GMV,4,BFN
Gondeni,MLM,6,PTG
Gondeni,TKN,6,PTG
Gondeni,SIB,5,PTG
Gongo,LBD,2,ELS
Gongo,QMB,3,ELS
Gongota,NQK,4,ELS
Gonothi,OLM,3,ELS
Gonubie,GNB,2,ELS
Gonzaga Mission,QUD,6,DUR
Good Hope,EWB,7,KIM
Good Hope,NQT,4,NCS
Good Hope,PHK,4,PTG
Good Hope,DBZ,3,ELS
Good Hope,KNP,7,PSH
Good Hope,MUP,4,ELS
Good Hope,NTS,4,ELS
Goodhope,CHM,2,ELS
Goodhouse,GOO,8,UTN
Goodwood,GWO,1,CPT
Gopane,LHR,5,RTR
Goqwana,GVE,6,PSH
Goqwana,TSL,2,ELS
Goqwana,TIN,7,PSH
Gora,PHK,4,PTG
Gora,NSL,6,PSH
Gordon's Bay,GDB,1,CPT
Goree,ROR,5,CPT
Gosani,NYK,4,ELS
Goshen Mission,CHC,4,ELS
Goso,OLM,3,ELS
Gosshill,LBD,2,ELS
Gottenburg,TML,4,NLP
Gouda,GDA,4,CPT
Goudini,RTP,4,CPT
Gouldville,SIB,5,PTG
Gouritsmond,GOM,3,GRJ
Gowe,SEE,5,PTG
Goxe,FDD,4,PSH
Goxe,MAF,6,PSH
Goxe,MFF,4,ELS
Goxe,MFF,4,ELS
Goxe,NML,6,PSH
Gqadu,LAF,6,ELS
Gqadushe,KWA,4,ELS
Gqala,CHM,2,ELS
Gqaqhala,KUM,9,BFN
Gqaqhane,MAI,1,ELS
Gqobonco,CGL,3,ELS
Gqodi,KWT,3,ELS
Gqogqora,TSO,5,ELS
Gqokwe,NTW,9,BFN
Gqubeni,OLM,3,ELS
Gqumashe,FTR,4,ELS
Gqunqe,MNB,5,ELS
Gqupu,IDY,4,ELS
Gqutyini,ENG,4,ELS
Gqutyini,ENG,4,ELS
Gqwaru,ROD,6,PSH
Gqwesa,LAH,9,BFN
Gqweta,BOS,4,NLP
Graaff-Reinet,GRT,4,CDO
Graaff-Reinet,GRT,4,CDO
Graafwater,GWS,4,VDR
Grabouw,GRB,2,CPT
Grafton,SAD,5,ELS
Grahamstown,GHO,4,PLZ
Granaatboskolk,GBK,7,UTN
Granta,CHC,4,ELS
Grasfontein,BLL,5,RTR
Graskop,GRX,3,NLP
Graspan,DKV,5,KIM
Graspan,GPA,3,KIM
Gravelotte,GVL,5,PTG
Greefslaagte,BLL,5,RTR
Green Farm,MLM,6,PTG
Green Gables,KPR,1,KPR
Green River,DBZ,3,ELS
Green Valley,ACH,4,NLP
Greenlands,AFY,3,BEM
Greenpoint,GLB,4,BEM
Greenside,KRI,2,WIR
Greenside,NUF,5,JNB
Greenville,BMA,2,PSH
Gregory,GRG,5,PTG
Greylingstad,GDR,4,JNB
Greyspan,ASK,8,BFN
Greystone,GRY,4,PLZ
Greyton,GYN,4,CPT
Greytown,GTN,4,DUR
Griebdale,UTT,1,ELS
Griquatown,GRI,5,KIM
Groblersdal,GRO,4,WIR
Groblershoop,GBH,4,UTN
Groenfontein,KRD,4,GRJ
Groenfontein,RVB,3,RTR
Groenpunt,DYE,4,JNB
Groenriviersmond,KTZ,8,VDR
Groenvlakte,HGB,4,ELS
Groenvlei,GRV,3,NCS
Grondneus,GNE,3,UTN
Groot Brakrivier,GBR,1,GRJ
Groot Jongensfontein,GJF,4,GRJ
Groot Marico,GMO,4,RTR
Groot Spelonke,SMC,3,PTG
Grootdam,GFS,3,BFN
Grootdoring,ODV,7,KIM
Grootdraai,TOL,5,PTG
Grootdrif,GRD,6,VDR
Grootdrink,GDK,3,UTN
Grootfontein,HNB,3,PTG
GROOTFONTEIN,GRN,9,WDH
Grootgeluk,BRG,5,NCS
Grootgeluk,VYD,4,NCS
Grootklip,GPS,3,PTG
Grootkraal,GRK,4,GRJ
Grootmis,GRM,9,UTN
Grootpan,DGR,5,PTG
Grootpan,GRP,4,RTR
Grootplaas,SKP,3,RTR
Grootspruit,GTS,4,NCS
Grootvlei,BFN,1,BFN
Grootvlei,GIR,4,JNB
Grootvlei,GIR,4,JNB
Grootvley,KLB,2,PTG
Grotto Bay,DAR,3,CPT
Groveput,PRK,7,UTN
Guba,LAF,6,ELS
Gubahoek,IWE,6,ELS
Gubeni KwaSilatsha,QKO,3,ELS
Gubevu,BYI,2,ELS
Gubhuzi,CED,6,PSH
Gubuzi,ROD,6,PSH
Gudla,NTS,4,ELS
Gudlintaba,UMZ,5,DUR
Gudlintaba,FDD,4,PSH
Gugulethu,BSI,4,PSH
Gugulethu,BRV,8,BFN
Gugulethu,MDT,4,ELS
Guguletu,GWO,1,CPT
Guguletu,SAD,5,ELS
Gugwana,NQK,4,ELS
Gugweni,BSI,4,PSH
Gugwini,HGL,3,PSH
Gugwini,BON,4,PSH
Gugwini,LAH,9,BFN
Gugwini,NCO,5,ELS
Guijini Mission,MUD,5,DUR
Gujedlini,CRI,5,DUR
Gulandoda,ENG,4,ELS
Gule,HSP,2,NCS
Gumbani,KLT,5,PTG
Gumbini,TSL,2,ELS
Gumbu,MUE,7,PTG
Gume,NQB,6,ELS
Gumela,MAT,6,PTG
Gumtree,GUM,4,BEM
Gumzana,IMI,4,PSH
Gundani,MAT,6,PTG
Gungqwane,NTW,9,BFN
Gungubele,NOB,5,ELS
Gunyeni,LSK,4,ELS
Guqa,BZN,3,PSH
Guqa,FLG,5,ELS
Guqa,OLB,7,PSH
Guquka,UTT,1,ELS
Guse,ASK,8,BFN
Gutshwa,WHI,2,NLP
Gutyubeni,NGQ,2,ELS
Guxuxu,NYK,4,ELS
Guyuni,TKN,6,PTG
Guyuni,MAT,6,PTG
Gwaba,CIA,2,ELS
Gwaba,DBZ,3,ELS
Gwabeni,BFV,4,ELS
Gwadana,IDY,4,ELS
Gwadane,KTP,9,BFN
Gwadu,CIO,4,ELS
Gwadu,CIO,4,ELS
Gwala,BZN,3,PSH
Gwaleni,CFB,4,ELS
Gwali,FTR,4,ELS
Gwangxu,TNZ,5,ELS
Gwatyu,STM,5,ELS
Gwegwe,BYI,2,ELS
Gwetyibeni,EBE,4,ELS
Gwili Gwili,CHM,2,ELS
Gwiligwili,KEK,4,ELS
Gxaku,LAH,9,BFN
Gxara,QOM,5,ELS
Gxelesha,FLG,5,ELS
Gxeni,BTV,1,ELS
Gxeni,HLC,5,PSH
Gxetu,CHM,2,ELS
Gxojana,NQK,4,ELS
Gxojana,UTT,1,ELS
Gxojeni,LAF,6,ELS
Gxojeni,LAN,3,ELS
Gxokoza,NSL,6,PSH
Gxulu,KEK,4,ELS
Gxwaleni,FDD,4,PSH
Gxwaleni,NSL,6,PSH
Haakdoring,HKD,4,PTG
Haarlem,HLM,7,PLZ
Haasfontein,PPB,4,NCS
Hackney,TSK,6,ELS
Ha-Davhana,KLT,5,PTG
Hadiaho,MAF,6,PSH
Haenertsburg,HNB,3,PTG
Ha-Folovhodwe,MAT,6,PTG
Ha-Funyufunyu,DZN,5,PTG
Haga-Haga,HGA,3,ELS
Hala,BRV,8,BFN
Hala,HGB,4,ELS
Halane,NOB,5,ELS
Halesowen,CDO,1,CDO
Hali No 1,ASK,8,BFN
Hali No 2,ASK,8,BFN
Hall`s Hill,CHM,2,ELS
Hallatt's Hope,MGX,5,KPR
Ha-Mabila,MAT,6,PTG
Ha-Madodonga,MRM,4,PTG
Ha-Magau,LTT,4,PTG
Ha-Mahatlani,HMG,4,PTG
Ha-Majoro,KNP,7,PSH
Hamakuya,TKN,6,PTG
Hamamphagi,BDX,4,PTG
Hamanavhela,MRM,4,PTG
Ha-Mandiwana,DZN,5,PTG
Hamantsha,AFB,4,PTG
Ha-Manyima,EMH,4,PTG
Ha-Mapila,DZN,5,PTG
Ha-Mashamba,EMH,4,PTG
Ha-Mashau,BCH,4,PTG
Ha-Masia,LEV,5,PTG
Ha-Matsheketsheke,MAT,6,PTG
Ha-Matsika,MLM,6,PTG
Ha-Matsila,BCH,4,PTG
Hambanathi,TON,2,DUR
Hamburg,HMB,2,ELS
Hammanshof,HMH,4,CPT
Hammanskraal,HKR,3,JNB
Ha-Mohapi,KNP,7,PSH
Ha-Mphaila,DZN,5,PTG
Hamsini,NOT,8,PSH
Ha-Mufeba,BCH,4,PTG
Ha-Mukhoro,BCH,4,PTG
Hanani,KLT,5,PTG
Hange,GAR,5,ELS
Hangwini,MFF,4,ELS
Hankey,HKY,4,PLZ
Hankonoane,MAF,6,PSH
Ha-Nokhohloko,ELH,9,BFN
Hanover,HVR,5,CDO
Hanover,BIS,3,ELS
Hanover Road,HNV,6,CDO
HANTAMSDRIF,HTM,8,VDR
Hanthabalala,EMH,4,PTG
Happy Valley,BOV,5,CPT
Ha-Rabali,DZN,5,PTG
Ha-Radali,SIB,5,PTG
Ha-Ramantsha,AFB,4,PTG
Ha-Rasebei,EBR,3,BFN
Harburg,FNS,3,DUR
Hardale,NTW,9,BFN
Harding,HGL,3,PSH
Ha-Ribungwani,HMG,4,PTG
Harrisburg,HSB,2,KPR
Harrisdale,SWM,6,UTN
Harrismith,HRS,4,BEM
Harrison,QBQ,4,ELS
Hartbeesfontein,HBR,2,KPR
Hartbeeskop,HBK,4,NLP
Hartbeeslaagte,BLB,5,RTR
Hartbeespoort,HBP,2,JNB
Hartenbos,MSB,2,GRJ
HARTSVALLEI,HTV,4,KIM
Hartswater,HWA,4,KIM
Harvard,MBS,6,KIM
Ha-Sefoko,TIN,7,PSH
Hasetati,KNP,7,PSH
Ha-Sundani,HMG,4,PTG
Ha-Tlhakanelo,KNP,7,PSH
Hattingspruit,HSP,2,NCS
Ha-Wayeni,BCH,4,PTG
Hawini,NON,4,EMG
Hawston,HAW,3,CPT
Haystack,WBG,3,DUR
Hazelmere,VAM,2,DUR
Hazyview,HZY,2,NLP
Hebron,MBP,3,JNB
Hebron,GRX,3,NLP
Heckel,MGW,4,ELS
Hectorskraal,DVT,4,GRJ
Hectorspruit,HPS,3,NLP
Heerenlogement,HEE,5,VDR
Heidelberg,HBS,5,GRJ
Heidelberg,HGR,3,JNB
Heilbron,HNR,4,BEM
Heiso,KAM,6,KIM
Hekpoort,HKP,2,RTR
Helderstroom,VDP,4,CPT
Helena,MTA,2,PTG
Helpmekaar,HPM,4,NCS
Helula,MAT,6,PTG
Helvetia,VEN,8,KPR
Hemlock,AIR,3,NLP
Hemuhemu,RMD,3,DUR
HENDRICKS DRIF,HND,7,BFN
Hendriksdal,HRL,2,NLP
Hendrina,HDN,3,WIR
Hennenman,HAN,5,BFN
HENTIES BAY,HTB,8,WDH
Herbertsdale,HSD,3,GRJ
Hereford,HRF,4,WIR
Hermannsburg,AHR,5,DUR
Hermanus,HER,4,CPT
Hermon,HMN,3,CPT
Herold,HRD,1,GRJ
Herold's Bay,PDP,1,GRJ
Herschel,HSL,7,BFN
Hertzog,EWB,7,KIM
Hertzog,LID,5,CDO
Hertzogville,HZV,5,BFN
Het Kruis,HKS,4,VDR
Heuningneskloof,HNK,2,KIM
Heuningspruit,HGN,4,KPR
Heuningvlei,POF,8,KPR
Heydon,HYD,4,CDO
Hibberdene,HBD,2,PSH
High Hill,BWH,4,ELS
High View,KUM,9,BFN
Highbury,UTT,1,ELS
Highcliff,TSL,2,ELS
Highflats,HHR,4,DUR
Highlands,BCE,5,NCS
Highlands,UMZ,5,DUR
Hilandale,HIL,7,CPT
Hilihili,NQK,4,ELS
Hill,CHM,2,ELS
Hillandale,CHM,2,ELS
Hillandale,HGA,3,ELS
Hillcrest,PIN,1,DUR
Hillcrest,SNK,8,GRJ
Hillendale,FXT,1,EMG
Hills Haven,WTI,3,JNB
Hillside,LDN,7,BFN
Hillside,LEH,6,PSH
Hillside,LSK,4,ELS
Hillston,SYG,7,BFN
Hilton College,HWR,3,DUR
Himeville,HMV,5,DUR
Hinlopen,MGY,4,PTG
Hlaba,DSA,2,PSH
Hlababomvu,LSK,4,ELS
Hlabahlaba,KEK,4,ELS
Hlabashana,MAI,1,ELS
Hlabati,HLC,5,PSH
Hlabati,QMB,3,ELS
Hlabatini,HLC,5,PSH
Hlabatshane,MAI,1,ELS
Hlabisa,HLB,4,EMG
Hlalemtini,BSI,4,PSH
Hlamboteni,SAD,5,ELS
Hlamvana,NSL,6,PSH
Hlane,MFF,4,ELS
Hlangakhule,HAE,2,DUR
Hlanganai,BUW,4,DUR
Hlanganani,BCH,4,PTG
Hlangani,TSL,2,ELS
Hlankomo,MTY,5,ELS
Hlankomo,TNZ,5,ELS
Hlantjwa,BGU,6,BFN
Hlapetsa,VAH,4,NLP
Hlathi Khulu,NQK,4,ELS
Hlathingwe,NTB,4,NCS
Hlobane,EMG,1,EMG
Hlobane,HBN,4,NCS
Hlobo,NTS,4,ELS
Hlogotlou,HLO,5,WIR
Hlohlolwane,CLC,4,BEM
Hlokozi,HHR,4,DUR
Hlokozi,HHR,4,DUR
Hlomendini,NRK,4,DUR
Hlomendlini,BGU,6,BFN
Hlontsheni,BLE,5,ELS
Hlophe,VAM,2,DUR
Hloseni,PDD,5,PLZ
Hlubi,SSH,4,ELS
Hluhluwe,HWE,4,EMG
Hlutankungu,HHR,4,DUR
Hluvukani,TML,4,NLP
Hlwahlwazi,HLC,5,PSH
Hlwahlwazi,HLC,5,PSH
Hlwehlweni,LEH,6,PSH
Hobb's Hope,EWB,7,KIM
Hobeni,HOB,4,ELS
Hobhouse,HHS,4,BFN
Hoedspruit,HDT,5,NLP
Hoek van die Berg,AVR,6,CPT
Hoekwil,WLR,1,GRJ
Hoffenthal Mission,BRG,5,NCS
Hofisi,MFF,4,ELS
Hofmeyer,HFM,3,CDO
Hogsback,HGB,4,ELS
Hohane,MFF,4,ELS
Hohita,STM,5,ELS
Hohobeng,SKT,6,BFN
Hokwana,BIS,3,ELS
Hokwe,TML,4,NLP
Holani,DTF,5,CDO
Holbank,HOL,5,WIR
Hole in the Wall,CFB,4,ELS
Holland,SNW,5,DUR
Holly Country,SBG,4,JNB
HOLMDENE,HLE,5,NCS
Holme Park,HLP,5,JNB
Holy Cross Mission,HLC,5,PSH
Homer,MDD,1,NCS
Hondefontein,FSG,8,GRJ
Hondeklipbaai,HKB,9,VDR
Honey,WPT,5,PTG
Honey Dale,FTR,4,ELS
Honeybird,AVC,2,NLP
Hoopstad,HST,5,BFN
Hoopvol,DHP,3,GRJ
Hope,BPZ,2,WIR
Hopedale,NTW,9,BFN
Hopefield,HPF,2,VDR
Hopetown,HPT,4,KIM
Hopevale,HGL,3,PSH
Horton,BFV,4,ELS
Hosia,SBW,4,WIR
Hota Mbeule,LUF,9,BFN
Hotagterklip,HOT,6,CPT
Hotazel,HZL,7,KIM
Hotolo,MFF,4,ELS
Hottentotskloof,HTK,5,CPT
Houmoed,PFD,6,UTN
Hout Bay,STX,1,CPT
Houtkraal,PFT,6,KIM
Houtnek,SLS,3,BFN
Houwater,GIE,7,KIM
Houwhoek,BTS,3,CPT
Hoveni,OFL,5,PTG
Howick,HWR,3,DUR
Hudley,MZI,2,EMG
Huhudi,VRU,6,KPR
Hukuwa,TSK,6,ELS
Hukuwa,TSK,6,ELS
Humansdorp,HDR,4,PLZ
Humanskraal,OTD,3,KPR
Humulani,NAM,6,PTG
Hunterville,VER,4,JNB
Huntingdon,SKZ,4,NLP
Hutchinson,VCW,8,KIM
Hwafeng,PHK,4,PTG
Hwantsana,BWH,4,ELS
Hwelereng,GPS,3,PTG
Hwelesaneng,CUR,3,PTG
Hwibi,GLL,3,PTG
Hyde Park,SAE,3,DUR
Hydro Park,HVD,5,BFN
iBende,EBE,4,ELS
Ibhayi,BHD,2,PLZ
Ichubo,FXT,1,EMG
iCumakala,LAF,6,ELS
iCumakala,NTS,4,ELS
Ida,IDA,8,BFN
Idutywa,MYU,3,ELS
Ifafa Beach,HBD,2,PSH
iGqunqe,MNB,5,ELS
Igudweni,MDT,4,ELS
Ikageleng,ZST,4,RTR
Ikgomotseng,SOU,2,BFN
iKhiwane,CHM,2,ELS
Ikutseng,WAR,3,KIM
Ilanga,HAE,2,DUR
Ilinge,BOA,6,ELS
Illovu,AZT,2,DUR
Imincangathelo,ALC,4,ELS
Immelman,WPT,5,PTG
Immerpan,IMP,3,PTG
Impala,MER,3,NLP
Impendle,BUW,4,DUR
Impumelelo,DON,3,WIR
Inanda,KHU,1,DUR
iNcaluka,LUF,9,BFN
iNcedana,NYK,4,ELS
Inchanga,HAE,2,DUR
Indawana,CLD,6,DUR
Indermark,VIV,4,PTG
Indermark,VIV,4,PTG
Indwe,IWE,6,ELS
Infanta,IOR,6,GRJ
iNgcingwane,IDY,4,ELS
Inglewood,CHM,2,ELS
Ingogo,IGO,1,NCS
Ingwangwane,RVS,5,DUR
Ingwavuma,ING,7,EMG
Ingwemabala,RMG,1,PSH
iNgxalathi,BWH,4,ELS
Inhlazatshe,PZB,3,DUR
Inkamana Mission,VYD,4,NCS
iNkonkwane,KTI,4,ELS
iNtlambonkulu,EZI,4,ELS
Intsingizi,BZN,3,PSH
Inverness,OZI,1,NCS
Invicta,CRY,3,ELS
iNyoka,MYU,3,ELS
Ipelegeng,SRK,5,KPR
Ipopeng,FMR,4,BFN
Iqadi,KHU,1,DUR
Ireagh,TML,4,NLP
Ireagh,TML,4,NLP
Ironstone,MAI,1,ELS
Isandlwana,CKP,7,DUR
iSheshegu,IDY,4,ELS
iSikhoba,NQK,4,ELS
Isilimela Mission,NSL,6,PSH
Isithebe,ISB,4,DUR
Iswepe,ISP,5,NCS
Itayi,MYU,3,ELS
Ithembe,NRK,4,DUR
Itielene,MAM,4,PTG
Itireleng,LUW,8,KPR
Itireleng,MTV,4,KIM
iTsitse,BLE,5,ELS
Itsoseng,ITS,4,KPR
Itumeleng,JSN,4,BFN
Ivanhoe,HHR,4,DUR
Ivory Park,CAV,1,JNB
Ixopo,IXO,4,DUR
Izeleni,BRS,3,ELS
Izilangwe,BZN,3,PSH
Izingolweni,IZN,2,PSH
Izinini,BZN,3,PSH
Izotsha,ISH,1,PSH
Jabauu,MAF,6,PSH
Jabavu,RKD,4,NCS
Jacobsbaai,SLD,1,VDR
Jacobsdal,JDL,2,KIM
Jagersfontein,JSN,4,BFN
Jagersrust,GLB,4,BEM
Jagtdriftkolk,KHD,5,UTN
Jakadu,EBE,4,ELS
Jalamba,ELD,2,ELS
Jamani,LBD,2,ELS
Jambila,JAM,3,NLP
Jamela,HLR,4,PTG
Jamestown,JTR,7,BFN
Jammersdrif,JMD,4,BFN
Jan de Boers,TOW,5,CPT
Jan Kempdorp,JKP,4,KIM
Jane Furse,JFH,4,PTG
Jansenville,JSV,5,PLZ
JANSEPUT,JSP,5,PTG
Jebe,NYK,4,ELS
Jeffreys Bay,JBY,4,PLZ
Jellimans Kloof,BLP,5,CDO
Jems,KTI,4,ELS
Jengce,NTW,9,BFN
Jensi,KTI,4,ELS
Jeppe's Reef,KAL,3,NLP
Jericho,HAV,4,JNB
Jerico,BSI,4,PSH
Jerome,MLM,6,PTG
Jimmy Jones,MAV,5,PTG
Jixini,BTV,1,ELS
Jobskop,HNB,3,PTG
Jogilizwe,BTD,4,PSH
Johannesburg,JNB,1,JNB
Johnson's Post,JOP,3,GRJ
Jojozi,FTR,4,ELS
Jojweni,BYI,2,ELS
Jojweni,BYI,2,ELS
Jojweni,KEK,4,ELS
Jojweni,KTI,4,ELS
Jojweni,LAF,6,ELS
Jojweni,MAI,1,ELS
Jojweni,NOB,5,ELS
Jojweni,TSO,5,ELS
Jokong,GIY,5,PTG
Jolivet,HHR,4,DUR
Jomlo,HGB,4,ELS
Jongensklip,RTP,4,CPT
Josling,KNB,3,UTN
Joubertina,JBT,6,PLZ
Jovelen,SKT,6,BFN
Jovu,LBD,2,ELS
Jozana's Hoek,SKT,6,BFN
Jozana's Nek,SKT,6,BFN
Jozini,JOZ,5,EMG
Judea,GIN,2,EMG
Juju,BRV,8,BFN
Jujura,NYK,4,ELS
Julesburg,OFL,5,PTG
Julukuqu,BYI,2,ELS
Juno,GLL,3,PTG
Jupiter,MTA,2,PTG
Justicia,SKZ,4,NLP
JWANENG,JNG,5,GBE
Jwayi,NTS,4,ELS
Ka Zinja,NGG,2,ELS
Kaalfontein,IWE,6,ELS
Kaalpan,MOO,5,KPR
Kaalrug,KAL,3,NLP
Kaalvlakte,OZI,1,NCS
Kaapmuiden,KPM,2,NLP
Kaapsehoop,KPH,2,NLP
Kabakazi,MNB,5,ELS
Kabeana,GSB,4,PTG
Kabeni,FLG,5,ELS
Ka-Bungeni,BCH,4,PTG
Ka-Chavani,EMH,4,PTG
Ka-Dinga,MLM,6,PTG
Kaditshwene,MOK,4,PTG
Kadouw,COE,2,PLZ
Ka-Dumazi,MLM,6,PTG
Ka-Dzingidzingi,GIY,5,PTG
Ka-Dzumeri,LCT,5,PTG
Kaffersleg,KTP,9,BFN
Ka-Gaula,NKO,5,PTG
Ka-Gidya,NKO,5,PTG
Kagiso,MRK,8,KPR
Kagiso,BHP,2,JNB
Ka-Govu,MLM,6,PTG
Ka-Guwela,NKO,5,PTG
Ka-Hasane,KLT,5,PTG
Ka-Homu,GIY,5,PTG
Ka-Jilongo,MLM,6,PTG
Kakamas,KAA,3,UTN
Ka-Khaxani,MUL,5,PTG
Ka-Kheyi,NKO,5,PTG
Kakoje,EWB,7,KIM
Kalana,PDD,5,PLZ
Kalbaskraal,KBA,2,CPT
Kaleni,BZN,3,PSH
Kalinyanga,ENG,4,ELS
Kalkbank,KLB,2,PTG
Kalkfontein,KNV,5,PTG
Kalkspruit,MTA,2,PTG
Kalkwerf,KWF,3,UTN
Ka-Mabayeni,MLM,6,PTG
Ka-Madobi,KLT,5,PTG
Ka-Madonsi,MLM,6,PTG
KaMagwashu,HGL,3,PSH
Ka-Mahonisi,MAV,5,PTG
Ka-Majosi,HMG,4,PTG
Ka-Makhuva,NKO,5,PTG
Ka-Makoxa,GIY,5,PTG
Ka-Mandlhakazi,GMD,4,PTG
Ka-Mapapila,MLM,6,PTG
Ka-Mapayeni,NKO,5,PTG
Ka-Mapuva,GIY,5,PTG
Kamassies,GAM,8,UTN
Kamastone,TSK,6,ELS
Ka-Maswanganyi,GIY,5,PTG
Ka-Matiami,TKN,6,PTG
Ka-Matsakali,MLM,6,PTG
Ka-Matsotsosela,NKO,5,PTG
Ka-Mavalani,GIY,5,PTG
Ka-Maveke,KLT,5,PTG
Ka-Mavele,GMD,4,PTG
Ka-Mavundani,MLM,6,PTG
Ka-Mayephu,NKO,5,PTG
Ka-Mayomela,LTA,4,PTG
Ka-Mbatlo,GIY,5,PTG
Ka-Mbedlhe,NKO,5,PTG
Ka-Mbokota,EMH,4,PTG
Ka-Mchipise,MLM,6,PTG
Kamden,KAM,6,KIM
Kameelbult,KML,5,KPR
Kameeldrift,RWL,2,JNB
Kameelkop,BOC,3,PTG
Kameelkraal,BHS,3,JNB
Kameelpoort,KLA,4,WIR
Kameelpoortnek,KLA,4,WIR
Kameelputs,KEE,4,KIM
Kameelrivier,SBW,4,WIR
Kameelrivier A,SBW,4,WIR
Kamensi,BUW,4,DUR
Ka-Mhinga,TKN,6,PTG
Kamhlushwa,TGW,4,NLP
Kamieskroon,KBG,8,VDR
Ka-Mininginisi,GIY,5,PTG
Ka-Mininginisi,GIY,5,PTG
Kammiebos,KES,5,PLZ
Ka-Mpakani,LCT,5,PTG
Kampersrus,KPS,5,NLP
Ka-Mphambo,MAV,5,PTG
Ka-Muhlaba,LTA,4,PTG
Ka-Mulamula,KLT,5,PTG
Ka-Munghonghoma,NKO,5,PTG
Ka-Mushiyani,NKO,5,PTG
Ka-Muswane,MAV,5,PTG
Ka-Mzilela,NKO,5,PTG
Kana,BSS,1,RTR
Kanana,BOC,3,PTG
Kandaspunt,BDR,4,NCS
Ka-Ndengeza,HMG,4,PTG
Ka-Ndengeza,HMG,4,PTG
Kanegha Drift,KNP,7,PSH
Ka-Nghalalume,GIY,5,PTG
Ka-Nghezimani,MLM,6,PTG
Kangkuru,KAM,6,KIM
Ka-Ngolombe,LET,4,PTG
Ka-Ngove,GIY,5,PTG
Ka-Nhlaneki,HMG,4,PTG
Ka-Nkomo,NKO,5,PTG
Ka-Nkomo,NKO,5,PTG
Ka-Nkuri,KLT,5,PTG
Ka-Nkuzani,HMG,4,PTG
Kanoneiland,KEG,2,UTN
Ka-Nwadzekudzeku,MLM,6,PTG
Ka-Nwamakena,HLR,4,PTG
Ka-Nwamatatani,HMG,4,PTG
Ka-Nwamngololo,NKB,4,PTG
Ka-Nwaxinyamana,BCH,4,PTG
Ka-Nyavhani,MLM,6,PTG
Kanyayo,IMI,4,PSH
Kanyayo,IMI,4,PSH
KANYE,KYE,4,GBE
Ka-Phaphazela,KLT,5,PTG
Kaplan,UTT,1,ELS
Karabee,PRK,7,UTN
Karatara,BAN,2,GRJ
Karee,KRR,2,BFN
Karee mine,MAK,1,RTR
Kareedouw,KRW,5,PLZ
Ka-Rhangani,NKO,5,PTG
KARIBIB,KBB,5,WDH
Karkams,KBG,8,VDR
Karos,KAR,2,UTN
Karreeboschkolk,HAL,6,UTN
Karringmelkspruit,KXK,7,BFN
Kasa,ELD,2,ELS
Ka-Sabulane,NKO,5,PTG
Ka-Siandana,GIY,5,PTG
Kasibhejane,TGW,4,NLP
Kasibokwane,TGW,4,NLP
Ka-Sikhunyane,GIY,5,PTG
Kasuka Road,KSR,4,PLZ
Ka-Sunduza,TKN,6,PTG
Katana,TSO,5,ELS
Katberg,LID,5,CDO
Kathazweni,HLO,5,WIR
Kathu,KAT,7,KIM
Katikati,CHC,4,ELS
KATIMO MULILO,KMO,10,WDH
Katjibane,SET,4,JNB
Katkop,KTP,9,BFN
Katlehong,ABT,1,JNB
Ka-Tomu,KLT,5,PTG
Ka-Tsakani,TML,4,NLP
Katyekana,EZI,4,ELS
Kauletsi,WPT,5,PTG
Ka-Vhele,MLM,6,PTG
Ka-Xigamani,MAV,5,PTG
Ka-Xihoko,NKB,4,PTG
Ka-Xihosana,KLT,5,PTG
Ka-Xikukwani,GIY,5,PTG
Ka-Xikundu,MLM,6,PTG
Ka-Xikundu,MLM,6,PTG
Ka-Xitlakati,MUL,5,PTG
Kayamnandi,BZN,3,PSH
Kayaseput,DPT,5,RTR
Kayser's Beach,CHM,2,ELS
Keate's Drift,KTD,5,DUR
KEETMANSHOOP,KMP,10,WDH
Kei Mouth,KEM,4,ELS
Kei Road,AMA,3,ELS
Keimoes,KEO,2,UTN
Keiskammahoek,KEK,4,ELS
Keiting,BTK,4,PTG
Kekana Gardens,BBG,3,JNB
Kelerana,DBZ,3,ELS
Kelokilwe,LUW,8,KPR
Kelso,PKR,3,DUR
Kempton Park,KPT,1,JNB
Kendal,KEN,2,WIR
Kendrew,KNW,5,CDO
Kenegha Poort,KNP,7,PSH
Kenhardt,KHD,5,UTN
Kennedy's Vale,KNV,5,PTG
Kensington,BLE,5,ELS
Kentani,KTI,4,ELS
Kenterton,HHR,4,DUR
Kenton-on-Sea,KNS,4,PLZ
Kestell,KLL,2,BEM
Keurboomsrivier,PLE,4,GRJ
Keurboomstrand,CRG,4,GRJ
Keurhoek,RNL,3,GRJ
Kgabalatsane,GKA,2,JNB
Kgabo,MTA,2,PTG
Kgakala,LDS,3,KPR
Kgalala,VKD,3,BFN
Kgamayasha,MNE,5,KPR
Kganong,MBS,6,KIM
Kganwane,LUW,8,KPR
Kgaphamadi,LEB,3,PTG
Kgautswane,BRD,5,NLP
Kgobadi,MTE,5,KIM
Kgobokwane,SBW,4,WIR
Kgohlwane,PTG,1,PTG
Kgokgojane,LUW,8,KPR
Kgokgole,GNY,8,KPR
Kgokong,LEW,2,PTG
Kgomohute,EWB,7,KIM
Kgomo-Kgomo,HAV,4,JNB
Kgomo-Kgomo,PVR,3,JNB
Kgomotso,BUL,4,KIM
Kgopeng,MGL,4,PTG
Kgoponeng,PEG,6,NLP
Kgopung,GSB,4,PTG
Kgoroshi,KLB,2,PTG
Kgosithebe,GNY,8,KPR
Kgotlopong,BRD,5,NLP
Kgotsong,BHV,3,KPR
Kgwaripe,GPS,3,PTG
Kgwaripe,GPS,3,PTG
Kgwedimopitlo,MBO,5,KPR
Khakhala,GIY,5,PTG
Khakhanwa,MAV,5,PTG
Khaku,DZN,5,PTG
Khalankomo,KTP,9,BFN
Khalavha,LEV,5,PTG
Khamisa,ALD,3,ELS
Khangela,LET,4,PTG
Khaukhwe,MTE,5,KIM
Khavhambe,TKN,6,PTG
Khaya Mnandi,DSH,1,PLZ
Khayakhulu,DWG,4,RTR
Khayalithe,STF,3,PSH
Khayamnandi,ALC,4,ELS
Khayamnandi,SYG,7,BFN
Khayanisho,PEA,3,PLZ
Khayelitsha,KYT,1,CPT
Khayelitsha,CHM,2,ELS
Kheis,GRS,9,UTN
Khenana,NON,4,EMG
Khethezinhle,HAE,2,DUR
Khiba,HSL,7,BFN
Khibitswane,TAU,5,KIM
Khobadi,EZI,4,ELS
Khohlo,BTV,1,ELS
Khohlopong,HAD,9,BFN
Khohlweni,NML,6,PSH
Khokhovela,TML,4,NLP
Khombaso,TGW,4,NLP
Khonqeni,BYI,2,ELS
Khubusi,LAH,9,BFN
Khubvi,MKO,6,PTG
Khudunkgwane,LGH,7,KPR
Khudutlou,KDV,5,KIM
Khugxwala,MAI,1,ELS
Khuis,ANS,8,UTN
Khujwana,LTA,4,PTG
Khula Village,SLE,3,EMG
Khumalo,KHU,1,DUR
Khumbulu,WHI,2,NLP
Khunkwe,MRK,8,KPR
Khunotswane,BWY,5,RTR
Khunwana,MBO,5,KPR
Khunyana,STF,3,PSH
Khureng,GPS,3,PTG
Khutsong,OZR,4,JNB
Khwatsha,NTW,9,BFN
Khwebulana,GAR,5,ELS
Khwetyana,FJN,2,ELS
Kiaat,KNM,2,NLP
Kidd's Beach,CHM,2,ELS
Kikahela,KAM,6,KIM
Kilbarchan,NCS,1,NCS
Kildare,TML,4,NLP
Kilili,TSL,2,ELS
Killarney,TST,3,BFN
Killarney,QMB,3,ELS
Kimall,BGF,5,PTG
Kimberley,KIM,1,KIM
King Williams Town,KWT,3,ELS
Kingsburgh,AZT,2,DUR
Kingscliffe,FNS,3,DUR
Kingscote,KIG,6,DUR
Kingsley,KLY,3,NCS
Kingswood,KND,4,KPR
Kinirapoort,KNP,7,PSH
Kinross,KRS,3,WIR
Kirkintulloch,BZT,4,NCS
Kirkwood,KKD,3,PLZ
Kitty,WPT,5,PTG
Klaarkom,KAM,6,KIM
Klaarstroom,KLS,4,GRJ
Klaarwater,PIN,1,DUR
Klaasvoogds,AST,5,CPT
Klanisi,MUP,4,ELS
Klapmuts,PAA,2,CPT
Klaserie,KAX,4,NLP
Klawer,KLV,5,VDR
Klein Brakrivier,GBR,1,GRJ
Klein Nourivier,KBG,8,VDR
KLEIN TSWAING,KTW,7,KPR
Kleinbegin,KNB,3,UTN
Kleinbos,STR,6,PLZ
Kleinemonde,PAF,5,PLZ
Kleinfontein,CUL,2,JNB
Kleinfonteinstad,MBP,3,JNB
Kleinkrantz,WLR,1,GRJ
Kleinmond,KMD,3,CPT
Kleinplaat,KLP,2,GRJ
Kleinsee,KSE,9,UTN
Kleinsoutpan,DEP,5,KPR
Klerksdorp,KPR,1,KPR
Klerkskraal,KKR,3,RTR
Klipbank,OZI,1,NCS
Klipdale,KPD,5,CPT
Klipdrift,BVV,3,KPR
Klipfontein,HHS,4,BFN
Klipfontein,MWS,3,RTR
Klipfontein,BRD,5,NLP
Klipfontein,KGP,4,NLP
Klipfontein,KLA,4,WIR
Klipfontein,KPI,4,CDO
Klipfontein View,MID,1,JNB
Klipheuvel,GPS,3,PTG
Klipheuwel,KBA,2,CPT
Klipkraal,STK,8,BFN
Klippan,STS,4,RTR
Klipplaat,BFV,4,ELS
Klipplaat,KPP,5,PLZ
Klippoortjie,CLV,2,WIR
Klippunt,LSV,1,UTN
Klippunt Outlying,LSV,1,UTN
Kliprand,KLI,8,VDR
Kliprivier,POM,4,NCS
KLIPRIVIER,KPV,1,JNB
Klipspruit,BTD,4,PSH
Klipspruit,WPT,5,PTG
Klipspruit,KPK,4,NLP
Klipspruit,MDK,3,KPR
Klipsteen,KPK,4,NLP
Kliptown,KPX,2,JNB
Klipwal,LUB,6,NCS
Klipwater,MTN,3,JNB
Kloof,PIN,1,DUR
Klufini,GAO,8,BFN
Kluitfontein,FCR,4,JNB
Knapdaar,KAD,6,BFN
Knysna,KYL,3,GRJ
Koaring,TIN,7,PSH
Kobanqaba Mouth,QOM,5,ELS
Kobonqaba,KTI,4,ELS
Kobonqaba,QOM,5,ELS
Koeboes,KHB,10,UTN
Koebung,TIN,7,PSH
Koedoeskop,KDK,4,RTR
Koedoespoort,NUF,5,JNB
Koedoespruit,MWS,3,RTR
Koegrabie,KGB,4,UTN
Koekenaap,KKP,6,VDR
Koffiefontein,KFY,4,KIM
Kohlo,NSL,6,PSH
Kohlo,OLM,3,ELS
Koingnaas,KGN,9,VDR
Kokomeng,KKM,5,KIM
Kokosi,FCR,4,JNB
Koks Hill,BSI,4,PSH
Kokstad,KDX,4,PSH
Kokstad,TMB,6,PTG
Kokwaneng,KNV,5,PTG
Kolke,KHD,5,UTN
Kolofini,NQK,4,ELS
Kolong,MKV,5,KIM
Koloni,FLG,5,ELS
Koloni,KTP,9,BFN
Koloni,MDT,4,ELS
Koloni,TNZ,5,ELS
Komanishini,QMB,3,ELS
Komati,BPZ,2,WIR
Komatipoort,KTR,4,NLP
Kome,PHK,4,PTG
Komga,KGA,4,ELS
Komkans,KMS,7,VDR
Komkhulu,BWH,4,ELS
Komkhulu,CVB,5,ELS
Komkhulu,MYU,3,ELS
Komkhulu,NGQ,2,ELS
Komkhulu,NML,6,PSH
Komkhulu,NQK,4,ELS
Komkhulu,NQK,4,ELS
Komkhulu,NYK,4,ELS
Komkhulu,NYK,4,ELS
Komkhulu,TSO,5,ELS
Komkhulu,TSO,5,ELS
Komkhulu,BLE,5,ELS
Komkhulu,BWH,4,ELS
Komkhulu,MYU,3,ELS
Komkulu,ALC,4,ELS
Komkulu,BEL,3,ELS
Komkulu,CVB,5,ELS
Komkulu,CVB,5,ELS
Komkulu,CVB,5,ELS
Komkulu,ENG,4,ELS
Komkulu,EZI,4,ELS
Komkulu,FBF,5,ELS
Komkulu,LUF,9,BFN
Komkulu,NYK,4,ELS
Komkulu,CIO,4,ELS
Komkulu,CVB,5,ELS
Komkulu,CVB,5,ELS
Komkulu,GAR,5,ELS
Komkulu,LAN,3,ELS
Komkulu,MYU,3,ELS
Komkulu,NQK,4,ELS
Kommandokraal,KMM,5,GRJ
Kommisiedrif,MLV,2,RTR
Kommissiedrif,BSB,2,BFN
Kommissiedrift,RTR,1,RTR
Kommissiepoort,GFS,3,BFN
Konke,POF,8,KPR
Konqeni,BYI,2,ELS
Konstabel,PRM,6,CPT
Kontante,PVR,3,JNB
Koo,ROR,5,CPT
Koopan-Suid,SWM,6,UTN
Koopmansfontein,KOO,4,KIM
Koosfontein,KOF,5,KPR
Kootjieskolk,KTK,8,UTN
Kopela,DEP,5,KPR
Kopje Alleen,DHR,2,NCS
Kopjeng,MLT,5,WIR
Koppies,KPY,4,KPR
Koringberg,KOI,3,VDR
Koringplaas,KOR,8,CPT
Korinte,RVS,5,DUR
Kosmos,HBP,2,JNB
Koster,KOS,3,RTR
Kotana,NTS,4,ELS
Kote,NOT,8,PSH
Kotishini,MAI,1,ELS
Kotzehoop,KOT,9,UTN
Kotzesrus,KTZ,8,VDR
KOUE BOKKEVELD,KBV,5,CPT
Koukraal,KOU,5,BFN
Koup,KUP,6,GRJ
Koutjie,KUT,3,GRJ
Kraaifontein,BNF,1,CPT
Kraaipan,MBO,5,KPR
Kraalhoek,SWK,4,RTR
Kraankuil,KKL,5,KIM
Kragbron,SBG,4,JNB
Kragga,KIE,7,CPT
Kraggasrivier,AVR,6,CPT
Krakeel Rivier,LUV,6,PLZ
Kransfontein,KNN,2,BEM
Kranshoek,PLE,4,GRJ
Kranskop,KZK,5,DUR
Kranspoort Dorp,MSD,4,WIR
Kriel,KRI,2,WIR
Krige,CLN,4,CPT
Kristespruit,BTK,4,PTG
Kroca,KTI,4,ELS
Krokodilpoort,KNM,2,NLP
Kromdraai,MGY,4,PTG
Kromdraai,NCV,2,KPR
Kromellenboog Mine,PEG,6,NLP
Kromhoek,CRL,4,PTG
Kromspruit,SKT,6,BFN
Kroondal,RTR,1,RTR
Kroonstad,KRO,4,KPR
Krugers,KRQ,4,BFN
Krugersdorp,BHP,2,JNB
Kruidfontein,GRF,3,RTR
Kruidfontein,KDN,5,GRJ
Kruispad,WAN,3,BEM
Kruisrivier,KRD,4,GRJ
Krweleda,MYU,3,ELS
KuBandlana,ROD,6,PSH
KuBangqo,NYK,4,ELS
Kubeka,NGQ,2,ELS
KuBeke,NBE,2,ELS
KuBhiza,IDY,4,ELS
KuBhobodla,BON,4,PSH
KuBhodi,NGG,2,ELS
KuBhokodisa,FLG,5,ELS
KuBhonga,CFB,4,ELS
kuBhongitole,NQK,4,ELS
KuBhonxa,TNZ,5,ELS
KuBhuba,CFB,4,ELS
KuBhukazi,MFF,4,ELS
KuBilatye,STM,5,ELS
KuBisilwane,MFF,4,ELS
Kubjaname,PEG,6,NLP
KuBomvu,NGQ,2,ELS
KuBonga,FLG,5,ELS
Kubu,LHR,5,RTR
KuBungu,LBD,2,ELS
Kubushula,TSL,2,ELS
KuCabazana,BON,4,PSH
KuCane,MFF,4,ELS
KuCanti,BYI,2,ELS
Kucetshe,MGH,4,PSH
Kucetshe,MTY,5,ELS
KuCibi,NBE,2,ELS
KuCitwayo,NGB,4,PSH
KuCqangushe,CFB,4,ELS
KuDebeza,TNZ,5,ELS
Kudikidikana,KWA,4,ELS
KuDikidiki,NBE,2,ELS
KuDingana,CIO,4,ELS
KuDlaka,LBD,2,ELS
KuDubeni,QQD,6,ELS
KuDuka,NBE,2,ELS
KuDumba,MGH,4,PSH
KuDungu,LBD,2,ELS
kuDunjana,BWH,4,ELS
Kudupu,FLG,5,ELS
Kuduskop,CUR,3,PTG
KuDwaba,BXS,3,ELS
KuDyobhudaka,LAF,6,ELS
Ku-Fani,QQD,6,ELS
KuFundakubi,CIO,4,ELS
KuGabhela,LSK,4,ELS
KuGandana,QMB,3,ELS
KuGangxu,BYI,2,ELS
KuGatyana,ELD,2,ELS
KuGcobane,GVE,6,PSH
KuGilandoda,CRY,3,ELS
KuGodola,MFF,4,ELS
KuGqatsa,MFF,4,ELS
Kugqawe,CVB,5,ELS
KuGqeyana,NTW,9,BFN
kuGqola,QOM,5,ELS
KuGubengxa,TSL,2,ELS
KuGunjana,BYI,2,ELS
KuGwabeni,MGH,4,PSH
KuGwexintaba,EMB,6,PSH
KuGwitya,UTT,1,ELS
KuGxagxa,BYI,2,ELS
KuGxara,MYU,3,ELS
KuGxwalibomvu,CRY,3,ELS
KuGxwalibomvu,ENG,4,ELS
KuHala,FLG,5,ELS
KuHange,GAR,5,ELS
Kuhewulana,MTM,1,ELS
KuHleke,CRY,3,ELS
KuHleke,TSL,2,ELS
KuHlope,NGQ,2,ELS
KuHombani,BYI,2,ELS
KuHota,LUF,9,BFN
Kuils River,BNF,1,CPT
KuJaho,DDX,8,BFN
KuJonga,CFB,4,ELS
KuJungqe,NBE,2,ELS
KuKavara,DTF,5,CDO
Kukumehlo,TSL,2,ELS
KuKutula,MTY,5,ELS
KuKwene,NOT,8,PSH
Kuleka,LBD,2,ELS
KuLeleyo,BWH,4,ELS
KuLiweni,LAF,6,ELS
Kullala,MTY,5,ELS
KuLofumbata,QRM,5,ELS
KuLogaxa,BLN,2,ELS
KuLogojela,QRM,5,ELS
KuLogongota,MNB,5,ELS
KuLogqogqa,MNB,5,ELS
KuLogqweta,ALD,3,ELS
KuLojingqi,QRM,5,ELS
KuLokamisa,NYK,4,ELS
Kulo-Kondlo,ALD,3,ELS
KuLokwe,MTY,5,ELS
Kulomali,MNB,5,ELS
Kulombete,EBE,4,ELS
Kulombete,IDY,4,ELS
KuLombombo,ALD,3,ELS
Kulo-Ngqayi,NCO,5,ELS
KuLonyanga,NYK,4,ELS
KuLotshazi,NYK,4,ELS
KuLovulandi,NYK,4,ELS
KuLozulu,ALD,3,ELS
KuLozulu,NGQ,2,ELS
KuLubisana,MAI,1,ELS
KuLubisi,ENG,4,ELS
KuLudondolo,BXS,3,ELS
Kulufim,CVB,5,ELS
KuLukuni,NSL,6,PSH
Kulula,KYL,3,GRJ
KuMabangula,LUF,9,BFN
KuMabhikiji,TNZ,5,ELS
KuMabongwana,MTY,5,ELS
KuMabula,IMI,4,PSH
KuMacibini,BNY,5,PSH
KuMadakane,CIO,4,ELS
KuMadukuda,QMB,3,ELS
KuMafilika,LUF,9,BFN
KuMageza,ENG,4,ELS
KuMagobeni,MGH,4,PSH
KuMagwaca,KTP,9,BFN
KuMahahamane,MFF,4,ELS
KuMahasana,NQB,6,ELS
KuMahlungulu,LUF,9,BFN
KuMahlungulu,LUF,9,BFN
Kumajaba,NTW,9,BFN
KuMakhola,ROD,6,PSH
KuMalangazana,CRY,3,ELS
KuMalongwe,MAI,1,ELS
KuMalukulwini,NDD,2,EMG
kuMandlunjwa,EBE,4,ELS
KuMangobomvu,CVB,5,ELS
KuMankhuntshwana,ALD,3,ELS
kuManxiweni,BXS,3,ELS
KuManyisana,CGL,3,ELS
KuManzamnyama,ROD,6,PSH
KuManzana,CAA,5,ELS
KuManzimahle,LUF,9,BFN
KuManzimdaka,KUM,9,BFN
KuManzimdaka,KUM,9,BFN
KuMapiko,PDD,5,PLZ
KuMaqanda,LAN,3,ELS
KuMaqanda,LAN,3,ELS
KuMaqashu,ASK,8,BFN
KuMasadala,LSK,4,ELS
KuMasele,GVE,6,PSH
KuMate,MGH,4,PSH
KuMaya,EBE,4,ELS
KuMaya,NOB,5,ELS
KuMaya,STM,5,ELS
KuMayibe,NBE,2,ELS
Ku-Mayima,KUM,9,BFN
KuMazwayi,MYU,3,ELS
KuMbanga,CRY,3,ELS
KuMbaxa,NCO,5,ELS
KuMbelembushe,QMB,3,ELS
KuMbonda,EBE,4,ELS
KuMdange,STM,5,ELS
KuMgawuli,NBE,2,ELS
KuMhlabobomvu,MNB,5,ELS
KuMhlokwane,MFF,4,ELS
KuMilwa,BWH,4,ELS
KuMjelo,MYU,3,ELS
KuMkhulu,NQB,6,ELS
KuMkuma,CVB,5,ELS
KuMkwamde,NOT,8,PSH
KuMndini,LAH,9,BFN
KuMngoitha,BXS,3,ELS
KuMngqanga,STM,5,ELS
KuMngwazi,KUM,9,BFN
KuMniwa,ROD,6,PSH
KuMnqayi,NYK,4,ELS
KuMnxekazi,MFF,4,ELS
KuMpame,CFB,4,ELS
KumPesheya,BYI,2,ELS
KuMpondo,RHM,4,ELS
KuMtala,ENG,4,ELS
KuMtyamde,NCO,5,ELS
KuMvezo,BXS,3,ELS
KuNabileyo,NTS,4,ELS
KuNcataru,NTS,4,ELS
KuNcengana,BYI,2,ELS
KuNdaca,CGL,3,ELS
KuNdasana,QMB,3,ELS
KuNdayingana,BZN,3,PSH
KuNdile,TNZ,5,ELS
KuNdindindi,MFF,4,ELS
KuNdlazi,FLG,5,ELS
KuNdlunkulu,MAI,1,ELS
KuNdlunkulu,NGG,2,ELS
KuNdoda,KUM,9,BFN
KuNdonga,ASK,8,BFN
KuNdungwana,NOB,5,ELS
KuNdungwana,NTS,4,ELS
kuNdyityaba,EBE,4,ELS
KuNdzebe,TSL,2,ELS
Kunene,HPM,4,NCS
Kunene,NQK,4,ELS
KuNgavungavu,BTV,1,ELS
KuNgavungavu,LBD,2,ELS
KuNgcebengwana,CGL,3,ELS
KuNgcuka,LAF,6,ELS
KuNgcwamane,TNZ,5,ELS
KuNgobozi,UTT,1,ELS
KuNgolo,LBD,2,ELS
KuNgqane,MTY,5,ELS
KuNgqovu,NBE,2,ELS
KuNgqutu,EBE,4,ELS
KuNgqwaru,NOB,5,ELS
KuNgudle,TSL,2,ELS
KuNgwevane,NTS,4,ELS
KuNgwidli,ALD,3,ELS
KuNjemane,BXS,3,ELS
KuNkalane,BYI,2,ELS
KuNkazana,MNB,5,ELS
KuNkolonga,BOA,6,ELS
KuNkompa,NGQ,2,ELS
KuNkonjana,EZI,4,ELS
KuNkumba,TNZ,5,ELS
KuNkundla,NGB,4,PSH
KuNkunzi,FXT,1,EMG
KuNkunzimbini,OLM,3,ELS
KuNkwance,NTW,9,BFN
KuNobamba,MFF,4,ELS
KuNobopa,NCO,5,ELS
KuNomandamba,NCO,5,ELS
KuNomhala,NTW,9,BFN
KuNomkolokotho,ROD,6,PSH
KuNomxhathalala,MFF,4,ELS
KuNondobo,NQK,4,ELS
KuNonyentu,LAN,3,ELS
KuNonyokotho,MFF,4,ELS
KuNonyongothi,TNZ,5,ELS
KuNotsweleba,QMB,3,ELS
KuNoxhungutshe,ROD,6,PSH
KuNozolisa,TNZ,5,ELS
Ku-Nqambeli,BWH,4,ELS
KuNqayiya,ALD,3,ELS
KuNqumakala,NCO,5,ELS
KuNqwati,NBE,2,ELS
KuNtabankulu,KNP,7,PSH
KuNtabankulu,KTP,9,BFN
KuNtabankulu,MFF,4,ELS
KuNtaka,LAN,3,ELS
KuNteshe,MYU,3,ELS
KuNtingana,CIO,4,ELS
KuNtlalukana,CRY,3,ELS
KuNtlamvukazi,FDD,4,PSH
KuNtlangaza,MAI,1,ELS
KuNtlanzi,CGL,3,ELS
KuNtlonze,STM,5,ELS
KuNtlotshe,KTP,9,BFN
KuNtsilekane,BXS,3,ELS
KuNtsimba,CRY,3,ELS
KuNtuntwana,EZI,4,ELS
Ku-Nxaybisa,TSO,5,ELS
KuNxotwe,QMB,3,ELS
KuNyongwane,CVB,5,ELS
KuNyongwane,STM,5,ELS
KuPapana,MFF,4,ELS
Kupapane,MFF,4,ELS
KuPungutya,CVB,5,ELS
KuQangqalala,IDY,4,ELS
KuQeqe,MYU,3,ELS
KuQoba,ENG,4,ELS
KuQoboqobo,OLM,3,ELS
KuQulungashe,NTW,9,BFN
KuQumbulwana,QBQ,4,ELS
KuQwebeqwebe,NOB,5,ELS
KuQwempe,LBD,2,ELS
Kurland Estate,CRG,4,GRJ
Kurulen,KLT,5,PTG
Kuruman,KUR,6,KIM
KuRwela,ELD,2,ELS
KuseMnkalana,BYI,2,ELS
KuSigiba,MAI,1,ELS
KuSikhulume,ALD,3,ELS
KuSilityiwa,CRY,3,ELS
KuSinxuzula,NGQ,2,ELS
KuSipusipu,NSL,6,PSH
KuSitana,MFF,4,ELS
KuSitana,NTW,9,BFN
KuSitshisa,ROD,6,PSH
KuSiwisa,NGB,4,PSH
KuSixuzulu,NBE,2,ELS
KuSiyaya,ROD,6,PSH
KuSobhete,ROD,6,PSH
KuSompa,LBD,2,ELS
KuSusa,MFF,4,ELS
KuTantseka,BYI,2,ELS
KuTela,BON,4,PSH
kuThembana,QBQ,4,ELS
Kuthokozeni,MHG,5,EMG
Kutlwanong,ALA,5,BFN
KuTogwana,ELD,2,ELS
KuTsembeyi,BRV,8,BFN
KuTshandatshi,LSK,4,ELS
KuTshatshu,NOB,5,ELS
KuTshazibane,IDY,4,ELS
KuTshulu,MFF,4,ELS
kuTshwathi,BXS,3,ELS
KuVayile,ASK,8,BFN
KuVinindwa,MYU,3,ELS
KuWelakabini,BNY,5,PSH
KuXama,ALD,3,ELS
KuXhaka,GVE,6,PSH
KuXholo,MYU,3,ELS
KuXolo,MFF,4,ELS
KuXutidwele,NOT,8,PSH
KuXwangu,CFB,4,ELS
Kuze,HGL,3,PSH
KuZele,NSL,6,PSH
KuZikonkwane,QBA,8,BFN
Kuzingqutu,QQD,6,ELS
KuZitungu,TSK,6,ELS
Ku-Zixinene,BRV,8,BFN
Kwa Cebe,BTD,4,PSH
Kwa Herman,BYI,2,ELS
Kwa Hoza,CMM,4,ELS
Kwa Langa,UTH,2,PLZ
Kwa Mkololotwana,BZN,3,PSH
Kwa Mzoboshe,QMB,3,ELS
Kwa Thyalibona,BRS,3,ELS
Kwa Tshatshu,UTT,1,ELS
Kwa Tsita,ROD,6,PSH
KwaAltile,CHM,2,ELS
KwaBaba,TNZ,5,ELS
KwaBanqo,ALD,3,ELS
KwaBelekile,BRS,3,ELS
KwaBengu,CVB,5,ELS
KwaBhala,MGH,4,PSH
KwaBhidla,BUW,4,DUR
KwaBhidla,HHR,4,DUR
KwaBhonke,KWT,3,ELS
KwaBhumbuta,LSK,4,ELS
KwaBhushula,LSK,4,ELS
KwaBipa,NGB,4,PSH
KwaBitsha,NQB,6,ELS
KwaBityi,BYI,2,ELS
KwaBlaai,ENG,4,ELS
Kwa-Bola,QKO,3,ELS
KwaBomela,EBE,4,ELS
KwaBomvana,SSH,4,ELS
KwaBoqo,NTS,4,ELS
KwaBoto,CFB,4,ELS
KwaBubesi,KNP,7,PSH
KwaCandilanga,NBE,2,ELS
Kwacebalele,RMD,3,DUR
KwaCekwe,CGL,3,ELS
KwaCengani,KTI,4,ELS
Kwaceza,NGM,5,EMG
KwaCrossman,PDD,5,PLZ
Kwadabeka,PIN,1,DUR
KwaDabula,NTS,4,ELS
KwaDane,CED,6,PSH
KwaDayi,EZI,4,ELS
KwaDebese,QOM,5,ELS
KwaDebeza,QMB,3,ELS
KwaDela,DAV,4,WIR
KwaDick,LSK,4,ELS
KwaDikidikana,DBZ,3,ELS
KwaDiko,MNB,5,ELS
Kwa-Diko,NOT,8,PSH
KwaDilatashe,NBE,2,ELS
KwaDinda,MGH,4,PSH
KwaDingata,ALD,3,ELS
Kwadish,MDT,4,ELS
KwaDlamini,ROC,5,DUR
KwaDlangamandla,FLG,5,ELS
KwaDlaulale,HLO,5,WIR
Kwa-Dlaulale,HLO,5,WIR
KwaDlephu,KGA,4,ELS
KwaDlomo,CRY,3,ELS
KwaDlomo,NCO,5,ELS
KwaDlova,KWT,3,ELS
Kwadlozi,PZB,3,DUR
KwaDondashe,QOM,5,ELS
KwaDubulekwele,QKO,3,ELS
KwaDudumashe,STM,5,ELS
KwaDukatole,TSO,5,ELS
KwaDukuza,SAE,3,DUR
Kwadulela,HWR,3,DUR
KwaDumba,QMB,3,ELS
KwaDungu,MFF,4,ELS
Kwa-Dweshula,STF,3,PSH
Kwadwesi,BHD,2,PLZ
KwaFanti,STM,5,ELS
KwaFeni,KEM,4,ELS
KwaFeni,KTI,4,ELS
KwaFleki,CHM,2,ELS
KwaFunizani,NQK,4,ELS
kwaGaba,CRY,3,ELS
kwaGaba,QBQ,4,ELS
KwaGabane,LBD,2,ELS
KwaGamalakhe,ISH,1,PSH
KwaGambushe,LSK,4,ELS
KwaGana,BIS,3,ELS
KwaGaqa,QOM,5,ELS
KwaGawu,OLM,3,ELS
KwaGaxa,KTI,4,ELS
KwaGcaleka,QOM,5,ELS
KwaGcaleka,UTT,1,ELS
KwaGcina,BOA,6,ELS
KwaGcina,LAN,3,ELS
KwaGcina,STM,5,ELS
KwaGcuda,MGH,4,PSH
KwaGcwabe,KTP,9,BFN
KwaGela,NCO,5,ELS
KwaGeqeza,BLE,5,ELS
Kwaggafontein,VRN,2,WIR
Kwaggaskop,KWG,4,WIR
Kwaggasnek,GRF,3,RTR
Kwagingqi,NOT,8,PSH
KwaGolo,KTI,4,ELS
KwaGomatana,NGQ,2,ELS
KwaGoqo,NQB,6,ELS
KwaGora,HLC,5,PSH
KwaGosani,NYK,4,ELS
Kwa-Gova,QQD,6,ELS
KwaGubevu,BRS,3,ELS
KwaGubevu,CVB,5,ELS
KwaGubevu,NBE,2,ELS
Kwagugu,DLL,5,EMG
KwaGuqa,WIR,1,WIR
KwaGuqaza,NGG,2,ELS
KwaGuquka,HGB,4,ELS
KwaHadi,MNB,5,ELS
KwaHala,CRY,3,ELS
KwaHala,MFF,4,ELS
KwaHala,NGQ,2,ELS
Kwa-Hala,BOA,6,ELS
Kwa-Hala,QQD,6,ELS
Kwa-Hala,QQD,6,ELS
KwaHlangani,BWH,4,ELS
KwaHlomendini,NQI,2,PSH
KwaHlomendlwini,MTL,6,PSH
Kwahome,HLC,5,PSH
KwaHoyi,BEL,3,ELS
KwaJadezweni,CRY,3,ELS
KwaJaji,FAL,5,PLZ
KwaJama,IDY,4,ELS
KwaJange,NOT,8,PSH
Kwa-Jara,TSO,5,ELS
Kwajingqi,KTI,4,ELS
Kwajobe,MBZ,5,EMG
KwaJongilinga North,CIA,2,ELS
KwaJongilinga South,GNB,2,ELS
KwaJubisa,KWT,3,ELS
KwaKalkeni,CHM,2,ELS
KwaKantolo,KTI,4,ELS
KwaKayaletu,HGB,4,ELS
KwaKesa,MTL,6,PSH
KwaKhumalo,EZI,4,ELS
KwaKhwatsha,NQK,4,ELS
kwaKhwetshe,QBQ,4,ELS
KwaKotana,NTS,4,ELS
KwaKotilitye,TSK,6,ELS
KwaKrancolo,NTW,9,BFN
Kwa-Kruwa,QQD,6,ELS
KwaKulile,KWA,4,ELS
KwaKumba,TNZ,5,ELS
Kwakwatsi,KPY,4,KPR
KwaKwayimani,IDY,4,ELS
KwaKwebulana,GAR,5,ELS
KwaLamyeni,CIO,4,ELS
KwaLandu,NCO,5,ELS
KwaLanga,BXS,3,ELS
KwaLanga,LAH,9,BFN
KwaLenza,KWT,3,ELS
KwaLini,KWT,3,ELS
KwaLubobo,QBQ,4,ELS
KwaLunda,MTL,6,PSH
KwaLupindo,KNP,7,PSH
KwaLuxomo,CVB,5,ELS
Kwam,QMB,3,ELS
KwaMabefu,KWT,3,ELS
KwaMabofu,MTY,5,ELS
KwaMabuya,NYK,4,ELS
KwaMaci,HGL,3,PSH
KwaMaciba,KTI,4,ELS
kwaMacibe,KTI,4,ELS
KwaMadiba,QMB,3,ELS
KwaMadikana,CVB,5,ELS
KwaMadliki,CHM,2,ELS
Kwa-Madyose,TSO,5,ELS
Kwamafunze,RMD,3,DUR
KwaMagadla,MTL,6,PSH
KwaMagalakanga,BWH,4,ELS
KwaMagcakini,SNW,5,DUR
KwaMagcude,FLG,5,ELS
Kwa-Magidigidi,IXO,4,DUR
KwaMagoda,RMD,3,DUR
KwaMagogo,EZI,4,ELS
kwaMagosha,PDD,5,PLZ
KwaMagugu,STF,3,PSH
KwaMahohwana,HAE,2,DUR
KwaMahomba,QKO,3,ELS
KwaMajija,NBE,2,ELS
Kwamajomela,NON,4,EMG
KwaMakawula,NBE,2,ELS
Kwamakhanya,RVS,5,DUR
KwaMakhutha,AZT,2,DUR
KwaMaki,QBQ,4,ELS
Kwa-Makoshong,MAB,3,RTR
KwaMalindi,NCO,5,ELS
KwaMamata,DBZ,3,ELS
KwaMambende,EZI,4,ELS
KwaMampengeni,QMB,3,ELS
KwaManci,MGH,4,PSH
KwaMandlunja,NYK,4,ELS
KwaMandulu,TGW,4,NLP
KwaMangati,BRS,3,ELS
KwaMangqobe,OLM,3,ELS
KwaMankihlana,IDY,4,ELS
kwaMankonjane,ROC,5,DUR
KwaManzikrakra,WIS,6,ELS
KwaMaqele,QBQ,4,ELS
KwaMaqwakazi,NDD,2,EMG
KwaMaradebe,MAI,1,ELS
KwaMarepula,SAD,5,ELS
KwaMarepula,TSK,6,ELS
KwaMasele,KWT,3,ELS
KwaMasele,BWH,4,ELS
Kwa-Mashu,KHU,1,DUR
KwaMasingata,KWT,3,ELS
KwaMasoka,TSK,6,ELS
KwaMatabane,NUF,5,JNB
KwaMatanzima,CVB,5,ELS
KwaMathanzima,EBE,4,ELS
KwaMawabane,HAE,2,DUR
KwaMaxhama,KTI,4,ELS
KwaMaya,CVB,5,ELS
KwaMaya,NBE,2,ELS
KwaMayekiso,TSK,6,ELS
Kwamayi,TSO,5,ELS
KwaMayiji,NQB,6,ELS
KwaMazamisa,CIO,4,ELS
KwaMazwayi,NTS,4,ELS
KwaMbango,TSL,2,ELS
Kwa-Mbhali,QQD,6,ELS
Kwambhayi,LSK,4,ELS
KwaMbhexa,BXS,3,ELS
KwaMbiba,MGH,4,PSH
KwaMbobo,MAF,6,PSH
KwaMbombela,NOB,5,ELS
KwaMbonambi,KMB,2,EMG
KwaMbongendlu,MUP,4,ELS
KwaMboto,STF,3,PSH
KwaMbunda,BDR,4,NCS
KwaMdingi,BRS,3,ELS
KwaMdingi,SAD,5,ELS
KwaMditshwa,ALD,3,ELS
KwaMemela,ALC,4,ELS
KwaMfula,EBE,4,ELS
KwaMgcodo,GAO,8,BFN
KwaMgezwa,LSK,4,ELS
Kwamgwagwa,HWR,3,DUR
KwaMgwenyane,TSO,5,ELS
KwaMhaga,BYI,2,ELS
KwaMhaga,CRY,3,ELS
KwaMhlanga,KLA,4,WIR
KwaMhlati,BXS,3,ELS
KwaMhlaza,LSK,4,ELS
KwaMhlekwa,FAL,5,PLZ
KwaMhlongwana,OLB,7,PSH
KwaMhluzi,CVB,5,ELS
Kwamiya,PJB,4,BEM
KwaMiya,UTT,1,ELS
KwaMjanyane,NOT,8,PSH
KwaMjayizi,NQK,4,ELS
kwaMkhize,ROC,5,DUR
KwaMkhulu,KGA,4,ELS
KwaMkwane,TSK,6,ELS
KwaMlakalaka,BRB,2,ELS
KwaMlalandle,FBF,5,ELS
KwaMlawu,CFB,4,ELS
KwaMleko,KNP,7,PSH
KwaMletha,NQB,6,ELS
KwaMlonyeni,NTS,4,ELS
KwaMmangonkone,TSO,5,ELS
Kwammatlhwaela,MBP,3,JNB
KwaMnanase,QBQ,4,ELS
Kwamncane,DRE,4,DUR
KwaMndokwe,IXO,4,DUR
KwaMngxabakazi,NQB,6,ELS
KwaMnqayi,MDT,4,ELS
Kwamntogotho,HWR,3,DUR
kwaMofu,QBQ,4,ELS
Kwampande,HWR,3,DUR
KwaMpeko,FAL,5,PLZ
KwaMpotulo,GAR,5,ELS
KwaMpundu,EZI,4,ELS
KwaMpundu,FJN,2,ELS
KwaMpundu,HGB,4,ELS
kwaMrhawuzeli,QBQ,4,ELS
KwaMsane,MUT,2,EMG
KwaMshiwa,NQI,2,PSH
KwaMsobomvu,NTW,9,BFN
KwaMtebele,NTS,4,ELS
Kwa-Mtebele,NTS,4,ELS
KwaMtintsilana,EZI,4,ELS
KwaMtshabe,NCO,5,ELS
KwaMvemve,PDD,5,PLZ
Kwa-Mvulane,BLY,8,BFN
KwaMwangwini,OLM,3,ELS
KwaMxhalanga,BRS,3,ELS
KwaMzola,NCO,5,ELS
KwaNacelwane,FBF,5,ELS
KwaNcakubana,UMZ,5,DUR
KwaNcekefu,CVB,5,ELS
KwaNcekwana,EMG,1,EMG
KwaNcityane,BWH,4,ELS
KwaNcwane,BFV,4,ELS
KwaNdaba,BEL,3,ELS
KwaNdaba,CRY,3,ELS
KwaNdaba,FBF,5,ELS
KwaNdabakazi,EZI,4,ELS
KwaNdabezitha,IDY,4,ELS
KwaNdanya,MTM,1,ELS
KwaNdarana,BNY,5,PSH
KwaNdata,NOT,8,PSH
KwaNdayi,BLN,2,ELS
KwaNdelane,ELD,2,ELS
KwaNdenga,IDY,4,ELS
KwaNdengezi,PIN,1,DUR
KwaNdenxa,BLE,5,ELS
KwaNdesane,KTI,4,ELS
KwaNdibaniso,NOB,5,ELS
KwaNdinja,OLM,3,ELS
kwaNdlambe,NYK,4,ELS
Kwandlangubo,MZI,2,EMG
KwaNdlankomo,HGB,4,ELS
KwaNdlungwana,LAH,9,BFN
KwaNdotshanga,BWH,4,ELS
KwaNdubungela,BRB,2,ELS
KwaNduli,BTV,1,ELS
KwaNduneni,MUP,4,ELS
KwaNdunge,BZN,3,PSH
KwaNdungwana,CVB,5,ELS
KwaNdungwane,NBE,2,ELS
KwaNdwayana,CMM,4,ELS
KwaNgali,GAR,5,ELS
KwaNgcamama,CHM,2,ELS
KwaNgcanasa,QMB,3,ELS
KwaNgceku,BTD,4,PSH
KwaNgede,KTI,4,ELS
KwaNgezana,ALD,3,ELS
KwaNgobe,ALC,4,ELS
KwaNgodloza,HGB,4,ELS
kwaNgquwa,BFV,4,ELS
KwaNgudle,GAR,5,ELS
KwaNgunikazi,NQK,4,ELS
KwaNgutyana,NGB,4,PSH
KwaNgutyana,IMI,4,PSH
KWANGWANASE,KWN,7,EMG
KwaNgwane,QBQ,4,ELS
KwaNgwanya,IDY,4,ELS
KwaNgwazi,NTS,4,ELS
KwaNgwevu,FBF,5,ELS
KwaNgxabane,QMB,3,ELS
KwaNikwe,BZN,3,PSH
KwaNjeya,FLG,5,ELS
Kwa-Njeya,FLG,5,ELS
Kwa-Njoko,NON,4,EMG
KwaNkese,QMB,3,ELS
Kwa-Nkqayi,TSO,5,ELS
KwaNobanda,FBF,5,ELS
KwaNobatane,NGQ,2,ELS
Kwanobuhle,UTH,2,PLZ
KwaNofinizana,CIO,4,ELS
KwaNojoli,SEO,5,PLZ
KwaNokatana,EBE,4,ELS
KwaNokhala,CIA,2,ELS
KwaNomadolo,HGB,4,ELS
KwaNomzamo,HDR,4,PLZ
KwaNoncampa,KWT,3,ELS
KwaNongcombolo,QOM,5,ELS
KwaNongqongqwana,NCO,5,ELS
KwaNongxeke,EBE,4,ELS
Kwanonqubela,ALX,3,PLZ
KwaNontshinga,QOM,5,ELS
KwaNontshinga,KTI,4,ELS
KwaNontshunga,KEM,4,ELS
KwaNonzame,MGK,4,CDO
KwaNotaza,MFF,4,ELS
KwaNotenga,HGB,4,ELS
KwaNotyekeza,NTS,4,ELS
KwaNqanda,IDY,4,ELS
KwaNqinwayo,CGL,3,ELS
KwaNtaka,QQD,6,ELS
KwaNtambula,FLG,5,ELS
KwaNtenza,OLB,7,PSH
KwaNtibane,NQK,4,ELS
KwaNtlalo,GVE,6,PSH
KwaNtola,BNY,5,PSH
KwaNtola,FBF,5,ELS
KwaNtsele,TSO,5,ELS
KwaNtshele,LBD,2,ELS
KwaNtshoma,OLM,3,ELS
KwaNtsikwe,QMB,3,ELS
KwaNtsume,TSO,5,ELS
KwaNtuli,MTY,5,ELS
KwaNtumeni,STF,3,PSH
KwaNxamkwana,BLN,2,ELS
KwaNxele,MAI,1,ELS
KwaNxentse,ALD,3,ELS
KwaNxokwana,KTI,4,ELS
KwaNyabeni,QMB,3,ELS
Kwanyana,BMA,2,PSH
KwaNyathi,MFF,4,ELS
KwaNyathi,TNZ,5,ELS
KwaNyembezi,TSL,2,ELS
KwaNyoka,CVB,5,ELS
KwaNyokana,QMB,3,ELS
KwaNyumane,CVB,5,ELS
KwaNzolo,CGL,3,ELS
KwaNzolo,LAN,3,ELS
Kwa-Nzolo,QQD,6,ELS
KwaPahla,MAI,1,ELS
KwaPalani,MFF,4,ELS
KwaPalo,NOT,8,PSH
KwaPellisile,KWT,3,ELS
Kwa-Percy,LAF,6,ELS
KwaPewula,ALD,3,ELS
Kwaphenyane,NON,4,EMG
KwaPingilili,BYI,2,ELS
KwaPita,KWA,4,ELS
KwaQiko,UZO,4,DUR
KwaQithi,ENG,4,ELS
KwaQiya,BYI,2,ELS
KwaQoboshendlini,NSL,6,PSH
KwaQongqotha,BRB,2,ELS
KwaQukuswayo,NSL,6,PSH
KwaQwabe,DSA,2,PSH
KwaRadebe,SKT,6,BFN
KwaRaladiya,BWH,4,ELS
KwaRamcwana,NGQ,2,ELS
Kwaratsiepane,MBP,3,JNB
KwaRayi,KWT,3,ELS
Kwaring,BTK,4,PTG
Kwasa,MYU,3,ELS
KwaSandanezwe,DBK,4,DUR
KwaSawu,FTR,4,ELS
kwaSeku,QBQ,4,ELS
Kwaserutube,BSS,1,RTR
KwaSese,LAN,3,ELS
KwaShosha,NTS,4,ELS
KwaShushu,KWT,3,ELS
Kwa-Shweme,TSO,5,ELS
KwaSidumo,OLM,3,ELS
KwaSijula,CVB,5,ELS
KwaSikhukula,KTI,4,ELS
KwaSikomo,CRY,3,ELS
KwaSikulumi,MAF,6,PSH
Kwa-Simeliyane,NTS,4,ELS
KwaSiphahla,NTS,4,ELS
KwaSipunu,TGW,4,NLP
KwaSisilane,TSK,6,ELS
Kwa-Sithungu,QKO,3,ELS
KwaSityi,FTR,4,ELS
KwaSiyanxa,EZI,4,ELS
KwaSizabantu Mission,KWS,4,DUR
KwaSokapase,NQK,4,ELS
Kwa-Sokapase,NQK,4,ELS
Kwasokesimbone,WBG,3,DUR
KwaSongwevu,CIO,4,ELS
KwaSosibo,STF,3,PSH
KwaStezi,HGL,3,PSH
KwaTenza,IDY,4,ELS
Kwa-Tenza,TSO,5,ELS
KwaThala,QBQ,4,ELS
Kwa-Thema,KHM,1,JNB
KwaThinga,KTI,4,ELS
KwaThuba,GNB,2,ELS
KwaTshamanzi,IDY,4,ELS
KwaTshatshu,BRB,2,ELS
KwaTshatshu,ENG,4,ELS
KwaTshatshu,NTS,4,ELS
KwaTshatshu,NCO,5,ELS
KwaTshatsu,STM,5,ELS
KwaTshezi,HOB,4,ELS
KwaTshezi,LBD,2,ELS
KwaTshomane,ELD,2,ELS
KwaTwalo,TSK,6,ELS
Kwatweyisa,NON,4,EMG
KwaTyutyuza,FTR,4,ELS
KwaVaku,QOM,5,ELS
KwaVala,BON,4,PSH
kwaVelelo,NYK,4,ELS
KwaVetyu,LAN,3,ELS
KwaVika,KTI,4,ELS
KwaVikinduku,LEH,6,PSH
KwaVikinduku,LEH,6,PSH
kwaVivi,HMB,2,ELS
KwaWezo,BLE,5,ELS
KwaWezo,FBF,5,ELS
Kwaxamane,BLE,5,ELS
KwaXelihagu,TSO,5,ELS
KwaXhobani,QBQ,4,ELS
KwaXokoshe,NBE,2,ELS
Kwa-Xusha,QQD,6,ELS
KwaYawa,CGL,3,ELS
KwaZaka,NGG,2,ELS
KwaZamokuhle,HDN,3,WIR
KwaZamukucinga,JSV,5,PLZ
KwaZanele,BNN,4,WIR
KwaZenzele,PTS,2,PLZ
kwaZingxala,KTI,4,ELS
KwaZithombe,KTI,4,ELS
kwaZizane,QBQ,4,ELS
Kwazulu,HLB,4,EMG
KwaZulu,EBE,4,ELS
KwaZulu,FLG,5,ELS
KwaZulu,GVE,6,PSH
KwaZulu,MTM,1,ELS
KwaZulu,NGG,2,ELS
KwaZulu,NTS,4,ELS
KwaZulu,TNZ,5,ELS
KwaZulu,TNZ,5,ELS
KwaZwelinzima,CGL,3,ELS
KwaZwelitsha,CFB,4,ELS
Kwelikulu,MTM,1,ELS
Kwelikulu,TSL,2,ELS
Kwenxura,QKO,3,ELS
Kwenxura,UTT,1,ELS
KweSeyisi,KTI,4,ELS
Kwetyana,MAC,2,ELS
Kwezana,FTR,4,ELS
Kwezana,ALC,4,ELS
Kwezi,CAA,5,ELS
Kwezi,TSK,6,ELS
Kykoedie,KPD,5,CPT
Kylemore,SHC,1,CPT
La Cotte,LCT,5,PTG
La Mercy,TON,2,DUR
La Plaisante,WSY,4,CPT
La Porte Vase,KRO,4,KPR
La Provence,FSK,3,CPT
Labera,GEM,7,KPR
Labry,TSL,2,ELS
Ladismith,LAI,8,CPT
Lady Frere,LAF,6,ELS
Lady Grey,LDG,7,BFN
Ladybrand,LBR,4,BFN
Ladysmith,LAY,4,NCS
Laersdrif,LSD,4,WIR
L'Agulhas,LAG,6,CPT
Lahlangubo,NOB,5,ELS
Lahlangubo,LAH,9,BFN
Laingsburg,LGR,7,CPT
Lalashe,FLG,5,ELS
Laleni,QMB,3,ELS
Lalina,ELD,2,ELS
Lalini,SNW,5,DUR
Lalini,BLE,5,ELS
Lalini,BWH,4,ELS
Lalini,EBE,4,ELS
Lalini,FTR,4,ELS
Lalini,QQD,6,ELS
Lalini,QRM,5,ELS
Lalini,UTT,1,ELS
Lalini,BWH,4,ELS
Lalini,NQK,4,ELS
Lalini,UTT,1,ELS
Laljitini,NOB,5,ELS
Lambathi,BXS,3,ELS
Lamberts Bay,LAM,4,VDR
Lambrechtsdrif,GDK,3,UTN
Lammerkop,LMK,3,WIR
Lamontville,MBK,1,DUR
Lamvi,MUE,7,PTG
Lamyeni,FBF,5,ELS
Landlandla,EBE,4,ELS
Landplaas,LDP,7,VDR
Langa,GWO,1,CPT
Langakazi,MHB,4,EMG
Langberg,LGB,8,CPT
Langebaan,LGN,1,VDR
Langebaanweg,LGN,1,VDR
Langehorn,LGH,7,KPR
Langeloop,KAL,3,NLP
Langeni,BTV,1,ELS
Langeni,KUM,9,BFN
Langeni,QMB,3,ELS
Langewag,OZI,1,NCS
Langholm,LGM,5,ELS
Langklip,SWM,6,UTN
Langkloof,BRG,5,NCS
Langkrans,APH,5,NCS
Langverwag,EVD,3,WIR
Lanqanci,LUF,9,BFN
Lapesini,BRV,8,BFN
Lapesini,CAA,5,ELS
Lapesini,QQD,6,ELS
Larenhill,KYL,3,GRJ
Lathuthu,KUM,9,BFN
Laughing Waters,KAL,3,NLP
Laxey,LKG,8,UTN
Le Chasseur,MCG,5,CPT
Lead Mine,LDM,4,RTR
Leandra,LES,3,WIR
Lebalaleng,BTK,4,PTG
Lebaleng,MAQ,4,KPR
Lebanon,ALC,4,ELS
Leboaneng,MWS,3,RTR
Leboeng,BRD,5,NLP
Lebotloane,MBU,4,RTR
Lebotlwane,MBU,4,RTR
Lebowakgoma,LEB,3,PTG
Lebowakgomo,LEB,3,PTG
Lebowakgomo,LEB,3,PTG
Ledig,SUN,2,RTR
Ledingwe,PEG,6,NLP
Leeu Gamka,LGU,5,GRJ
Leeudoorn Mine,FCR,4,JNB
Leeudoringstad,LDS,3,KPR
Leeufontein,MGY,4,PTG
Leeukraal,PVR,3,JNB
Leeupoort,LEP,4,RTR
Leeuwfontein,SBW,4,WIR
Leeuwpoort,FCR,4,JNB
Lefatlheng,PVR,3,JNB
Lefurutshane,BLB,5,RTR
Legaganeng,MBP,3,JNB
Legapane,SEE,5,PTG
Legkraal,PVR,3,JNB
Legkraal,LEG,3,PTG
Legogolwe,MWS,3,RTR
Legogote,WHI,2,NLP
Legogote,KNM,2,NLP
Legogoto,KIP,2,NLP
Legolaneng,MLT,5,WIR
Legonyane,ASN,4,RTR
Legwareng,CUR,3,PTG
Lehata,MAF,6,PSH
Lehlaka Park,KRI,2,WIR
Lehlakaneng,KNP,7,PSH
Lehlakong,MLT,5,WIR
Lehlareng,MUN,3,PTG
Lehlohlong,BOC,3,PTG
Lehlohonolo,LEH,6,PSH
Lehurutshe,LHR,5,RTR
Leipoldtville,LPV,4,VDR
Leisure Bay,PED,2,PSH
Leisure Crest,PED,2,PSH
Lekalakala,MWL,3,PTG
Lekfontein,LEK,4,ELS
Lekgalong,BSS,1,RTR
Lekgwareng,LCT,5,PTG
Lekhalong,KNP,7,PSH
Lekhureng,GLL,3,PTG
Lekkersing,LKS,10,UTN
Lekkerwater,OZI,1,NCS
Lekkerwater,BLB,5,RTR
Lekoko,MMB,5,KPR
Lekubu,BLB,5,RTR
Lekurung,LEB,3,PTG
Lekutung,MWS,3,RTR
Leliefontein,KBG,8,VDR
Leloreng,MAK,1,RTR
Lemoen,ASK,8,BFN
Lemoenshoek,LEM,6,GRJ
Lemoentuin,PTB,6,GRJ
Lemondokop,MAM,4,PTG
Lenasia,SWO,1,JNB
Lenge,ALC,4,ELS
Lenkwane,MGL,4,PTG
Lenting,LEB,3,PTG
Lenye,MDT,4,ELS
Lenyenye,LTA,4,PTG
Leokaneng,BTK,4,PTG
Leola,LTA,4,PTG
Lephalale,ELL,6,PTG
Lepotlako,MTA,2,PTG
Leqeni,BEL,3,ELS
Leratswana,AIG,2,BEM
LERIBE,LBE,4,MSU
Lerome,MWS,3,RTR
Leroro,VAH,4,NLP
Lerulaneng,GKA,2,JNB
Lesedi,WIR,1,WIR
Leseleseleng,SET,4,JNB
Lesetlheng,MWS,3,RTR
Lesetsi,LEB,3,PTG
Leshwane,LEW,2,PTG
Lesley,KTI,4,ELS
LESOTHO OTHER,OLS,10,MSU
Lesseyton,BWP,4,CDO
Lesung,BSS,1,RTR
Letaba,LTA,4,PTG
Letaba Ranch,NAM,6,PTG
Letaba Rest Camp,PHW,7,PTG
Lethlabile,PAD,3,JNB
Letjiesbos,LTB,6,GRJ
Letlapeng,TIN,7,PSH
Letlhakajaneng,LUW,8,KPR
Letlhakane,GMO,4,RTR
Letlhakaneng,PAD,3,JNB
Letlhakeng,MAB,3,RTR
Letora,WPT,5,PTG
Letsatsing,CAR,4,JNB
Letsitele,LET,4,PTG
Letswatla,TOL,5,PTG
Leveni,CVB,5,ELS
Levubu,LEV,5,PTG
Lewalemolomo,PHK,4,PTG
Lewuswood,PDD,5,PLZ
Leyden,MOK,4,PTG
Leydsdorp,LEY,5,PTG
Libanon,WTI,3,JNB
Libertas,LIB,3,BEM
Libode,LBD,2,ELS
Lichtenburg,LTX,4,KPR
Lidgetton,DRE,4,DUR
Liefeldt,DBZ,3,ELS
Ligwa,LAF,6,ELS
Lihaseng,KNP,7,PSH
Lihetlane,KNP,7,PSH
Likhetlane,KNP,7,PSH
Lillydale,TML,4,NLP
Limburg,LMB,3,PTG
Limdaka,NSL,6,PSH
Lime Acres,LAC,5,KIM
Lime Acres Ext,LAC,5,KIM
Limehill,HPM,4,NCS
Lindelani Village,SPR,2,JNB
Lindequesdrif,PYR,4,KPR
Lindeshof,RSD,5,CPT
Lindini,UTT,1,ELS
Lindisfaire,HGB,4,ELS
Lindiwe,BHD,2,PLZ
Lindley,LNR,2,BEM
Lindleyspoort,LSP,4,RTR
Lingelihle,CDO,1,CDO
Lingeni,LSK,4,ELS
Linkside,MSB,2,GRJ
Linotsing,KNP,7,PSH
Lions River,DRE,4,DUR
Liqalabeng,TIN,7,PSH
Lishweni,CVB,5,ELS
Lisizi,IDY,4,ELS
Little Chelsea,BHD,2,PLZ
Little Flower Mission,QMB,3,ELS
Littlego,SSH,4,ELS
Litufu,LSK,4,ELS
Lixeni,CGL,3,ELS
Llitha,BLN,2,ELS
Lobatleng,BLB,5,RTR
Lobatleng,BLB,5,RTR
LOBATSE,LSE,3,GBE
Lobethal,JFH,4,PTG
Lochdale,MTW,5,PLZ
Lochiel,LOC,5,NLP
Loding,RDW,4,JNB
Loerie,LRE,3,PLZ
Loeriesfontein,LFT,8,UTN
Lofter,LFR,4,BFN
Logagane,MSI,7,KPR
Logaganeng,MBS,6,KIM
Logageng,GEM,7,KPR
Logobate,EWB,7,KIM
Lohatlha,LHA,6,UTN
Lokgalong,MMB,5,KPR
Lokishini,KTP,9,BFN
Lolini,DBZ,3,ELS
Loliwe,MTM,1,ELS
Lomati,KAL,3,NLP
Lombaardslaagte,MOO,5,KPR
Lombard,MLM,6,PTG
Lonci,MFF,4,ELS
London,BOS,4,NLP
London,OFL,5,PTG
Long Hope,CHQ,5,PLZ
Long Kloof,BSI,4,PSH
Longaneng,LMV,5,KIM
Longden,DGR,5,PTG
Longdraai,SAD,5,ELS
Longlands,LGL,3,KIM
Longmore,THL,2,PLZ
Loporung,MSI,7,KPR
Lorraine,OFL,5,PTG
Losasaneng,LSS,4,KIM
Losberg,FCR,4,JNB
Loselong,LLV,5,KIM
Loskop,LKP,5,DUR
Losmytjerrie,DWG,4,RTR
Losperfontein,PAD,3,JNB
Lost City,MES,6,PTG
Lota,CRY,3,ELS
Lotana,QMB,3,ELS
Lothair,LTR,5,WIR
Lotlhakane,SDL,6,KIM
Lotlhakane,LOT,5,KPR
Lotlhogori,LOT,5,KPR
Lotshegeng,POF,8,KPR
Lottering,STR,6,PLZ
Loubos,SWM,6,UTN
Louisdal,MNE,5,KPR
Louisvale,LSV,1,UTN
Louterwater,LUV,6,PLZ
Louwna,LUW,8,KPR
Louwsburg,LUB,6,NCS
Louwville,VDR,1,VDR
Lowell,TIN,7,PSH
Lower Cala,CAA,5,ELS
Lower Cardiff,STM,5,ELS
Lower Didimana,TSK,6,ELS
Lower Gqaka,CGL,3,ELS
Lower Gungululu,UTT,1,ELS
Lower Hukuwa,WIS,6,ELS
Lower KuSabalele,STM,5,ELS
Lower KuZangqokwe,TSK,6,ELS
Lower Loteni,LWL,5,DUR
Lower Mayeakgoro,LMJ,4,KIM
Lower Merino Walk,WIS,6,ELS
Lower Mjika,TSL,2,ELS
Lower Mkate,LSK,4,ELS
Lower Mnenyana,ROD,6,PSH
Lower Mtingwevu,LUF,9,BFN
Lower Ngqwara,MAI,1,ELS
Lower Phepheni,BON,4,PSH
Lower Pitseng,LOP,9,BFN
Lower Quora,QBQ,4,ELS
Lower Sabie Rest Camp,MRL,4,NLP
Lower Sheshegu,ALC,4,ELS
Lower Telle,SKT,6,BFN
Lower Tsitsana,LOP,9,BFN
Lower Wolf River,KEK,4,ELS
Low's Creek,KPM,2,NLP
Loxton,LXN,9,KIM
Lthupaneng,MKW,2,PTG
Lubacweni,MFF,4,ELS
Lubala,FLG,5,ELS
Lubaleke,LEH,6,PSH
Lubaleko,MTY,5,ELS
Lubalekwe,MAI,1,ELS
Lubalweni,KTP,9,BFN
Lubangweni,NBE,2,ELS
Lubanzi,LBD,2,ELS
Lubende,LSK,4,ELS
Lubisini,TIN,7,PSH
Lubiza,CRY,3,ELS
Lubolo,STM,5,ELS
Lubomvini,BLE,5,ELS
Lubomvini,CIO,4,ELS
Lucingweni,RHM,4,ELS
Luckau,HLO,5,WIR
Luckau,HLO,5,WIR
Luckhoff,LKF,4,KIM
Lucwecwe,ENG,4,ELS
Ludadeni,UTT,1,ELS
Ludaka,ELD,2,ELS
Ludalasi,NSL,6,PSH
Ludeke,NGB,4,PSH
Ludeke,NGB,4,PSH
Ludeke,TNZ,5,ELS
LUDERITZ,LUD,10,WDH
Ludidi,BNY,5,PSH
Ludiza,CIO,4,ELS
Ludji,NQI,2,PSH
Ludlameni,MFF,4,ELS
Ludlow,TML,4,NLP
Ludonga,NSL,6,PSH
Luembo,ENG,4,ELS
Lufafa,ROD,6,PSH
Lufefeni,NML,6,PSH
Lufuta,LUF,9,BFN
Lugada,KNP,7,PSH
Luganda,PIN,1,DUR
Lugasweni,NSL,6,PSH
Lugongqozo,NOT,8,PSH
Lugudwini,MDT,4,ELS
Lugwijini,BMA,2,PSH
Lugwijni,IMI,4,PSH
Lugxogxo,NBE,2,ELS
Luheni,SIB,5,PTG
Luhewini,LAN,3,ELS
Luhlalwini,ASK,8,BFN
Luhlalwini,NOT,8,PSH
Lujeco,BTV,1,ELS
Lujecweni,FLG,5,ELS
Lujeke,BRV,8,BFN
Lujiko,FAL,5,PLZ
Lukanyisweni,IMI,4,PSH
Lukau,MAT,6,PTG
Lukezweni,LBD,2,ELS
Lukhama,BLN,2,ELS
Lukhanyeni,RVS,5,DUR
Lukhanyisweni,PTN,6,KIM
Lukolweni,CIO,4,ELS
Lukozana,ALD,3,ELS
Lukwatini,ELU,4,NLP
Lukwetu,BYI,2,ELS
Lulala,CFB,4,ELS
Lulwalweni,MAI,1,ELS
Lumayini,LSK,4,ELS
Luna,NQI,2,PSH
Lunda,NTS,4,ELS
Lundi,WHI,2,NLP
Lundin's Nek,LDN,7,BFN
Lundzwana,MGH,4,PSH
Luneburg,GTS,4,NCS
Lupapasi,GAO,8,BFN
Lupapasi,NQB,6,ELS
Lupapasi,NSL,6,PSH
Luphandlazi,FLG,5,ELS
Luphindweni,CIA,2,ELS
Luphisi,KNM,2,NLP
Lupilisweni,MGH,4,PSH
Lupindo,KNP,7,PSH
Lupindweni,QQD,6,ELS
Lupondweni,ELD,2,ELS
Luqolweni,KTI,4,ELS
Luqoqweni,LSK,4,ELS
Lurasini,MTM,1,ELS
Lurwayizo,HOB,4,ELS
Lusaka,UTT,1,ELS
Lusasa,QKO,3,ELS
Lusibeni,GVE,6,PSH
Lusikisiki,LSK,4,ELS
Lusindisweni,HLC,5,PSH
Lusitania,CYY,3,NCS
Lusizi,MNB,5,ELS
Lusizi,MNB,5,ELS
Lusizini,UMZ,5,DUR
Lusizini,CHM,2,ELS
Lusizini,NOB,5,ELS
Lusthof,VAP,5,KPR
Lutambeko,FDD,4,PSH
Lutambeko,TNZ,5,ELS
Lutateni,ROD,6,PSH
Lutha,IDA,8,BFN
Luthuli,SOG,3,DUR
Luthuli,MPU,4,DUR
Luthuthu,UTT,1,ELS
Lutitshana,MGH,4,PSH
Lutsheko,NGG,2,ELS
Lutsheni,LSK,4,ELS
Lutshini,TSL,2,ELS
Lutubeni Mission,OLM,3,ELS
Lutulini,FLG,5,ELS
Lutulini,NGB,4,PSH
Lututu,ELD,2,ELS
Lututu,KUM,9,BFN
Lututu,LAF,6,ELS
Lutzburg,KAA,3,UTN
Lutzputs,GNE,3,UTN
Lutzville,LZL,6,VDR
Luvhalani,DZN,5,PTG
Luwandlana,QMB,3,ELS
Luxa,BRV,8,BFN
Luxeni,BRV,8,BFN
Luxeni,CVB,5,ELS
Luxeni,IDA,8,BFN
Luxeni,MTL,6,PSH
Luxeni,NTW,9,BFN
Luxeni,QBQ,4,ELS
Luxeni,QQD,6,ELS
Luxeni,UTT,1,ELS
Luxeni,BRV,8,BFN
Luxeni,STM,5,ELS
Luxhomo,CVB,5,ELS
Luxomo,BLE,5,ELS
Luxwesa,ROD,6,PSH
Luyengweni,KNP,7,PSH
Luzupu,LSK,4,ELS
Lwaleni,BYI,2,ELS
Lwalweni,BYI,2,ELS
Lwamondo,LEV,5,PTG
Lwandile,NOT,8,PSH
Lwandlana,FLG,5,ELS
Lwandlana,MFF,4,ELS
Lwandlana,NBE,2,ELS
Lwandlane,UTT,1,ELS
Lwandle,STD,1,CPT
Lwathuda,MUE,7,PTG
Lyciunville,VSS,6,BFN
Lydenburg,LDR,3,NLP
Lykso,LYK,6,KIM
Lyndale,UTT,1,ELS
M0reson,MRT,5,NLP
Maagetlwa,POF,8,KPR
Maahlashi,BGF,5,PTG
Maake,OFL,5,PTG
Maamsi,FDD,4,PSH
Maaname,ORW,4,PTG
Maandagshoek Mission,SEE,5,PTG
Maangani,DZN,5,PTG
Maanhaarrand,MAH,2,RTR
Maartenshoop,MRT,5,NLP
Maasstroom,MST,6,PTG
Mabaalstad,MBL,4,RTR
Mabalane,LOP,9,BFN
Mabaleni,BLN,2,ELS
Mabaleni,QMB,3,ELS
Mabaligwe,MLM,6,PTG
Mabambeni,BYI,2,ELS
Mabedlana,ULD,4,EMG
Mabeleni,EZI,4,ELS
Mabeleni,MDT,4,ELS
Mabeleni,OLB,7,PSH
Mabeleni,SAD,5,ELS
Mabentseni,TSO,5,ELS
Mabereng,MNH,5,KIM
Mabeskraal,MAB,3,RTR
Mabetshe,NGG,2,ELS
Mabheleni,STF,3,PSH
Mabholompa,QMB,3,ELS
Mabintwane,PHK,4,PTG
Mabitse,BSS,1,RTR
Mabitsi,MGY,4,PTG
Mabitsi,PHK,4,PTG
Mabobo,MFF,4,ELS
Mabofolweni,PDD,5,PLZ
Mabokotswane,LEB,3,PTG
Mabolela,PJB,4,BEM
Maboloko,PAD,3,JNB
Mabolokodo,MUP,4,ELS
Mabomini,NGG,2,ELS
Mabona,POF,8,KPR
Mabongweni,BXS,3,ELS
Mabongweni,MFF,4,ELS
Mabopane,MBP,3,JNB
Mabotsha,BGF,5,PTG
Mabrimisa,DZN,5,PTG
Mabudu,MRM,4,PTG
Mabula,MAF,6,PSH
Mabula,MBU,4,RTR
Mabuladihlare,GSB,4,PTG
Mabule,GEM,7,KPR
Mabululwane,NQT,4,NCS
Mabunisheni,NGQ,2,ELS
Mabuto,NGB,4,PSH
Mabutyana,KNP,7,PSH
Mabvuka Jazz,ORW,4,PTG
Mabyepelong,GMD,4,PTG
Macacuma,SKT,6,BFN
Macala,HAE,2,DUR
Macala-Gwala,HAE,2,DUR
Macanca,NTB,4,NCS
Macangceni,QBA,8,BFN
Macene,NKO,5,PTG
Machadodorp,MHR,4,NLP
Machan,NTB,4,NCS
Machele,KLT,5,PTG
Machibeni,ELD,2,ELS
Machibini,ENG,4,ELS
Machibini,MAI,1,ELS
Machibini,MDT,4,ELS
Machibini,TSL,2,ELS
Machikiri,MWL,3,PTG
Macibi,FDD,4,PSH
Macibini,KWA,4,ELS
Macibini,LAH,9,BFN
Macibini,LSK,4,ELS
Macibini,HGB,4,ELS
Macireni,ELD,2,ELS
Macleantown,MAC,2,ELS
Maclear,MCR,4,ELS
Mac-Mac,GRX,3,NLP
Macnamara,PYR,4,KPR
Macosa,MAI,1,ELS
Macubeni,BRV,8,BFN
Macubeni,NCO,5,ELS
Madabani,AFB,4,PTG
Madada,HLC,5,PSH
Madadana,BZN,3,PSH
Madadeni,TGW,4,NLP
Madaheni,MRM,4,PTG
Madakana,BGU,6,BFN
Madakana,BGU,6,BFN
Madeira,UGE,3,ELS
Madiakgama,MDG,7,KPR
Madibana,LHR,5,RTR
Madibaneng,JFH,4,PTG
Madibaneng,JFH,4,PTG
Madibaneng,JFH,4,PTG
Madibe,LOT,5,KPR
Madibe,MNE,5,KPR
Madibeng,ANS,8,UTN
Madibogo,MBO,5,KPR
Madibogopan,MBO,5,KPR
Madidi,MBP,3,JNB
Madietane,MTA,2,PTG
Madiga,SOM,2,PTG
Madiilo,MGY,4,PTG
Madikaleni,OLM,3,ELS
Madikana,BOC,3,PTG
Madikgetla,TPR,4,BFN
Madikwe,MBL,4,RTR
MADIKWE,MDE,4,RTR
Madingwane,ANS,8,UTN
Madinonyane,LUW,8,KPR
Madipelesa,MPL,4,KIM
Madishaditoro,GPS,3,PTG
Madithamage,LSS,4,KIM
Madladleni,ENG,4,ELS
Madlangeni,MTF,5,ELS
Madlotsheni,TSO,5,ELS
Madokodeni,QMB,3,ELS
Madombidzha,AFB,4,PTG
Madotyeni,FLG,5,ELS
Madras,HZY,2,NLP
Madras,MRI,3,NLP
Madrid,NGM,5,EMG
Madubela,MDT,4,ELS
Maduna,UMZ,5,DUR
Madutle,BWY,5,RTR
Maduwa,EMH,4,PTG
Madwaba,FLG,5,ELS
Madwaleni,MAI,1,ELS
Madwaleni,TSL,2,ELS
Madwaraneni,LBD,2,ELS
Madyembeni,BOS,4,NLP
Madzimu,MLM,6,PTG
Madzivhanani,MAT,6,PTG
Maebani,MRM,4,PTG
Maekgwe,HLR,4,PTG
Maelula,DZN,5,PTG
Maeng,POF,8,KPR
Maerman,CAA,5,ELS
Mafahlaneng,TWG,3,BEM
Mafakathini,DRE,4,DUR
Mafengwini,LBD,2,ELS
MAFETENG,MNG,3,MSU
Mafika,BSS,1,RTR
Mafikadisiu,KNP,7,PSH
Mafikalisiu,TIN,7,PSH
Mafikeng,MMB,5,KPR
MAFIKENG,MEI,5,KPR
Mafina,ROD,6,PSH
Mafitleng,NQT,4,NCS
Mafube Mission,MAF,6,PSH
Mafukani,MAT,6,PTG
Mafunze,RMD,3,DUR
Mafusini,ENG,4,ELS
Mafusini,ENG,4,ELS
Mafusini,GVE,6,PSH
Mafusini,LOP,9,BFN
Mafusini,MFF,4,ELS
Mafusini,QMB,3,ELS
Mafwaleni,TSL,2,ELS
Magaabue,GNY,8,KPR
Magabaneng,PEG,6,NLP
Magabeni,SOG,3,DUR
Magadla,BGU,6,BFN
Magagamatala,MGL,4,PTG
Magalagaleni,SKT,6,BFN
Magalane,MDW,4,RTR
Magaliesburg,MGS,2,RTR
Maganaubuswa,SBW,4,WIR
Maganeng,MGN,5,KIM
Magangxosini,CRI,5,DUR
Magatle,GPS,3,PTG
Magcakeni,MTM,1,ELS
Magcumeni,KEK,4,ELS
Magebeni,LUF,9,BFN
Magebeni,MAI,1,ELS
Magemfaneni,BRV,8,BFN
Magemfaneni,QQD,6,ELS
Magneetshoogte,JFH,4,PTG
Magnesite,MER,3,NLP
Magobe,MBS,6,KIM
Magobing,HZL,7,KIM
Magobo,EMH,4,PTG
Magoboya,LTA,4,PTG
Magode,MNI,4,NCS
Magog,HBD,2,PSH
Magogeni,KAL,3,NLP
Magogong,MGV,4,KIM
Magojaneng,HZL,7,KIM
Magolapong,GLC,4,PTG
Magomane,MLM,6,PTG
Magombeni,NGB,4,PSH
Magomeni,NCO,5,ELS
Magomeni,NTS,4,ELS
Magong,MDW,4,RTR
Magontsini,NBE,2,ELS
Magontsini,TSL,2,ELS
Magonya,GIY,5,PTG
Magope,MAP,3,PTG
Magopela,PUD,5,KIM
Magoro,HMG,4,PTG
Magqabasini,MGH,4,PSH
Magqagqeni,MFF,4,ELS
Magqagqeni,MFF,4,ELS
Magqagqeni,TNZ,5,ELS
Magqazeni,PDD,5,PLZ
Magqoleni,LAN,3,ELS
Magqubeni,BFV,4,ELS
Magqwireni,WIS,6,ELS
Magudu,TGW,4,NLP
Magudu,MAG,6,EMG
Magukubjane,MLT,5,WIR
Magunyeni,LAH,9,BFN
Magusheni,MGH,4,PSH
Maguzane,ELD,2,ELS
Magwagwe,MBS,6,KIM
Magxagxeni,HGB,4,ELS
Magxeni,CED,6,PSH
Magxeni,MFF,4,ELS
Mahagala,TKN,6,PTG
MAHALAPYE,MYE,6,GBE
Mahalatswetsa,EXC,3,BFN
Mahale,NAM,6,PTG
Mahanyaneni,TIN,7,PSH
Mahareng,KNP,7,PSH
Maheane,SDL,6,KIM
Mahehle,CRI,5,DUR
Mahlaba,NGB,4,PSH
Mahlabathini,MHB,4,EMG
Mahlabathini,KNP,7,PSH
Mahlake,MTF,5,ELS
Mahlangasi,MHG,5,EMG
Mahlangu,HLO,5,WIR
Mahlathi,NKO,5,PTG
Mahlatini,BUW,4,DUR
Mahlatini,BMA,2,PSH
Mahlatini,MTM,1,ELS
Mahlatini,NBE,2,ELS
Mahlatini,NCO,5,ELS
Mahlatini,QQD,6,ELS
Mahlatini,LUF,9,BFN
Mahlatsani,HNB,3,PTG
Mahlengele,NCO,5,ELS
Mahlole,JFH,4,PTG
Mahlowaneng,LEB,3,PTG
Mahlubini,NQI,2,PSH
Mahlubini,NOB,5,ELS
Mahlubini,QQD,6,ELS
Mahlungulu,LUF,9,BFN
Mahobe,BSI,4,PSH
Mahobe,MTF,5,ELS
Mahobieskraal,SUN,2,RTR
Mahodini,NCO,5,ELS
Maholoholo,MTL,6,PSH
Mahubahuba,BGF,5,PTG
Mahukubung,MBO,5,KPR
Mahushu,HZY,2,NLP
Mahwelereng,MWL,3,PTG
Mahwibitswane,KLB,2,PTG
Maila,EMH,4,PTG
Maile,SUN,2,RTR
Maile,SUN,2,RTR
Maipase,DBZ,3,ELS
Maipeng,GMP,7,KIM
Maipeng,MNE,5,KPR
Maizefield,MZF,4,WIR
Majamanini,KWT,3,ELS
Majaneng,GYD,5,KPR
Majantshi,MFF,4,ELS
Majavu,NGB,4,PSH
Majazi,BZN,3,PSH
Majeng,GYD,5,KPR
Majolantaba,NSL,6,PSH
Majuba,MFF,4,ELS
Majuba Nek,SKT,6,BFN
Majulumani,MTY,5,ELS
Majwareni,BTV,1,ELS
Majwareni,FTR,4,ELS
Majwemasweu,BDT,2,BFN
Makadikwe,JFH,4,PTG
Makahule,MLM,6,PTG
Makaka,EBE,4,ELS
Makambi,NTS,4,ELS
Makanyaneng,MBP,3,JNB
Makapanstad,PVR,3,JNB
Makatiane,MKW,2,PTG
Makau,GKA,2,JNB
Makautlane,TIN,7,PSH
Makavleng,MAF,6,PSH
Makaxeni,CRY,3,ELS
Makekeng,MOK,4,PTG
Makeleketla,WGR,4,BFN
Makelikot,TNZ,5,ELS
Makeng,LAH,9,BFN
Maketla,BRD,5,NLP
Maketlele,MBS,6,KIM
Makgabetlwane,MBP,3,JNB
Makgakgatse,HLR,4,PTG
Makgane,JFH,4,PTG
Makgari,DGR,5,PTG
Makgaung,PEG,6,NLP
Makgelane,BRD,5,NLP
Makgeng,LEW,2,PTG
Makgoba,OFB,2,PTG
Makgobane,MTA,2,PTG
Makgobistad,MSI,7,KPR
Makgopa,BRD,5,NLP
Makgope,MAB,3,RTR
Makgori,GEM,7,KPR
Makgori,TLA,5,KIM
Makgwaphana,NVD,5,RTR
Makhado,LTT,4,PTG
Makhasa,HMG,4,PTG
Makhathulela,KTP,9,BFN
Makhihi,BOA,6,ELS
Makholweni,NML,6,PSH
Makhonyeni,JOZ,5,EMG
Makhumsha,LDN,7,BFN
Makhushaneng,GPS,3,PTG
Makhutsho,PHK,4,PTG
Makhuvha,SIB,5,PTG
Makhuzeni,NOB,5,ELS
Makhwibidung,OFL,5,PTG
Makhwivirini,LCT,5,PTG
Makileni,LSK,4,ELS
Makinana,BXS,3,ELS
Makobe,GLL,3,PTG
Makobokeni,CRY,3,ELS
Makoko,HZY,2,NLP
Makokskraal,MKK,3,KPR
Makola,SBW,4,WIR
Makolokwe,SON,3,JNB
Makoma Estate,LID,5,CDO
Makomereng,MAF,6,PSH
Makometsane,SBW,4,WIR
Makonde,MKO,6,PTG
Makopung,BRD,5,NLP
Makoseni,ULD,4,EMG
Makotopong,SOM,2,PTG
Makotyana,LBD,2,ELS
Makouspan,LOT,5,KPR
Makouspan,LOT,5,KPR
Makovha,THO,5,PTG
Makratlanyeni,MTF,5,ELS
Makuatlana,TIN,7,PSH
Makuburg,HNB,3,PTG
Makulani,EMH,4,PTG
Makuleke,MLM,6,PTG
Makuleni,SIB,5,PTG
Makuleni,KTP,9,BFN
Makumbane,THO,5,PTG
Makumeke,MAV,5,PTG
Makungwi,DZN,5,PTG
Makurung,LEB,3,PTG
Makushu,DZN,5,PTG
Makuyaze,SKT,6,BFN
Makuzeni,DBK,4,DUR
Makwarani,SIB,5,PTG
Makwassie,MAQ,4,KPR
Makweleng,MAB,3,RTR
Makweng,GPS,3,PTG
Makweya,MSH,2,PTG
Makwilidza,MKO,6,PTG
Makwivirini,LCT,5,PTG
Maladini,KTP,9,BFN
Malagazi,IPG,2,DUR
Malale,MAT,6,PTG
Malamhala,MLM,6,PTG
Malamulele,MLM,6,PTG
Malavuwe,MKO,6,PTG
Malawini,MTY,5,ELS
Malebitsa,NUF,5,JNB
Malebogo,HZV,5,BFN
Maleetse,JFH,4,PTG
Malegale,JFH,4,PTG
Malegasane,JFH,4,PTG
Maleketla,GMD,4,PTG
Malekutu,WHI,2,NLP
Malekutu,HZY,2,NLP
Malelane,MER,3,NLP
Malemang,CUR,3,PTG
Malematse,GMD,4,PTG
Malenge,SNW,5,DUR
Malenge Rail,SNW,5,DUR
Maleoskop,MLS,4,WIR
Malepelepe,TSL,2,ELS
Malgas,PTB,6,GRJ
Malieveld,SAB,2,NLP
Malindini,BYI,2,ELS
Maliwa,FLG,5,ELS
Malmesbury,MBY,3,CPT
Malogeng,LEB,3,PTG
Malokele,PEG,6,NLP
Malokong,LMB,3,PTG
Malokongkop,LMB,3,PTG
Malomanye,CUR,3,PTG
Malonga,KLT,5,PTG
Malongwana,FLG,5,ELS
Malongwe,MFF,4,ELS
Malonye,KTI,4,ELS
Malope,GPS,3,PTG
Maloseni,MFF,4,ELS
Malota,MAF,6,PSH
Maloyi,LAF,6,ELS
Malubelube,MTL,6,PSH
Malungeni,LSK,4,ELS
Mamafubedu,PSS,3,BEM
Mamaila,MAM,4,PTG
Mamaolo,LEB,3,PTG
Mamata,DBZ,3,ELS
Mamatonya,GPS,3,PTG
Mamatsekele,PHK,4,PTG
Mambane,ISB,4,DUR
Mambebevini,BZN,3,PSH
Mambebevini,MTY,5,ELS
Mambedi,BCH,4,PTG
Mambethu,MTM,1,ELS
Mamehlaba,GLL,3,PTG
Mamela,TSO,5,ELS
Mamelodi,PTA,1,JNB
Mamfeneni,NOT,8,PSH
Mamfengwini,BRV,8,BFN
Mamfengwini,MYU,3,ELS
Mamfengwini,NBE,2,ELS
Mamfengwini,NCO,5,ELS
Mamogaleskraal,BTR,3,JNB
Mamokgadi,HLR,4,PTG
Mamoratwe,SDL,6,KIM
Mamphokgo,MGY,4,PTG
Mampingeni,CVB,5,ELS
Mampingeni,ENG,4,ELS
Mampingeni,MAI,1,ELS
Mampingeni,NCO,5,ELS
Mampola,QMB,3,ELS
Mampondomiseni,FDD,4,PSH
Mampondomisini,NGG,2,ELS
Mampondweni,NOB,5,ELS
Mamqakweni,BZN,3,PSH
Mamre,MMD,2,CPT
Manaba Beach,UVG,1,PSH
Manaileng,GPS,3,PTG
Manaleni,UTT,1,ELS
Manamakgoteng,MWS,3,RTR
Manamela,MTA,2,PTG
Manamolela,GYD,5,KPR
Mananga,TGW,4,NLP
Manangeni,CFB,4,ELS
Manapjane,PHK,4,PTG
Manapsane,MGY,4,PTG
Manawaneng,BRD,5,NLP
Mancam,NGQ,2,ELS
Manchabeni,LET,4,PTG
Mancotsheni,BYI,2,ELS
Mandala,LEV,5,PTG
Mandalay,KPP,5,PLZ
Manderston,PZB,3,DUR
Manderstone,LEH,6,PSH
Mandileni,BYI,2,ELS
Mandileni,CAA,5,ELS
Mandileni,MFF,4,ELS
Mandileni,OLB,7,PSH
Mandiliva,TNZ,5,ELS
Mandini,MWI,4,DUR
Mandlana,TNZ,5,ELS
Mandlaneni,CRY,3,ELS
Mandlaneni,NTS,4,ELS
Mandlaneni,QQD,6,ELS
Mandlekazi,HHR,4,DUR
Mandleni,LAH,9,BFN
Mandleni,NOT,8,PSH
Mandleni,UTT,1,ELS
Mandlovini,MAI,1,ELS
Mandluntsha,BYI,2,ELS
Manganeng,JFH,4,PTG
Mangangeni,PIN,1,DUR
Mangangeni,FNS,3,DUR
Mangaya,MAT,6,PTG
Mangcakini,NSL,6,PSH
Mangcwanguleni,LBD,2,ELS
Mangeni,MNI,4,NCS
Mangezimeni,NTW,9,BFN
Mango,QBQ,4,ELS
Mangobomvu,NQK,4,ELS
Mangoloaneng,TIN,7,PSH
Mangoloaneng East,KNP,7,PSH
Mangolong,KNP,7,PSH
Mangondi,MAV,5,PTG
Mangondini,NQK,4,ELS
Mangqikizeni,BTV,1,ELS
Mangqikizeni,BTV,1,ELS
Mangqilo,HLC,5,PSH
Mangqongwana,GVE,6,PSH
Mangulwane,MAM,4,PTG
Mangunga,BZN,3,PSH
Manguzi,EGG,7,EMG
Mangwane,NQK,4,ELS
Mangwaneni,QMB,3,ELS
Mangwele,TSP,5,PTG
Mangweni,SKT,6,BFN
Mangweni,STM,5,ELS
Mangweni,STM,5,ELS
Mangweni,STM,5,ELS
Mangweveni,EBE,4,ELS
Mangweveni,STM,5,ELS
Mangwevini,ELD,2,ELS
Mangxamfu,QMB,3,ELS
Mangxongweni,CGL,3,ELS
Mangxongweni,NOB,5,ELS
Mankaipaya,DWG,4,RTR
Mankgaile,LEW,2,PTG
Mankweng,MKW,2,PTG
Mannetjiespringbok,SPU,8,UTN
Manoge,JFH,4,PTG
Manokwane,MKV,5,KIM
Manonyane,GYD,5,KPR
Manotolwaneng,PHK,4,PTG
Manqabeni,MAI,1,ELS
Manqulweni,KWA,4,ELS
Manquzu,FLG,5,ELS
Mansfield,IZN,2,PSH
Mansfield,MSF,6,KPR
Manstho,MAB,3,RTR
Mantaneni,IDY,4,ELS
Mantanga,TSO,5,ELS
Mantanjeni,NQK,4,ELS
Manteku,EMB,6,PSH
Mantheding,SOM,2,PTG
Manthestad,MNH,5,KIM
Mantlole,PVR,3,JNB
Mantsa,LOT,5,KPR
Mantshapeng,LET,4,PTG
Mantshaya,BYI,2,ELS
Mantshilibeni,MYU,3,ELS
Mantshilibeni,OLM,3,ELS
Mantsie,LHR,5,RTR
Mantulela,HHR,4,DUR
Mantusini,LSK,4,ELS
Mantusini,NSL,6,PSH
Manuber,BTD,4,PSH
Manubi,MNB,5,ELS
Manuneni,CRY,3,ELS
Manusha,HZY,2,NLP
Manwane,LHR,5,RTR
Manxamsini,NBE,2,ELS
Manxeleni,KTP,9,BFN
Manxiweni,UTT,1,ELS
Manyandube,CAA,5,ELS
Manyanga,HLO,5,WIR
Manyano,IWE,6,ELS
Manyapje,MSH,2,PTG
Manyatseng,LBR,4,BFN
Manyeding,MBS,6,KIM
Manyeleti,TML,4,NLP
Manyii,ORW,4,PTG
Manyosini,NBE,2,ELS
Manyosini,QQD,6,ELS
Manzabelu,BOA,6,ELS
Manzana,ENG,4,ELS
Manzana,QBQ,4,ELS
Manzana,QMB,3,ELS
Manzi,OLM,3,ELS
Manzikanyi,ELD,2,ELS
Manzimahle,LUF,9,BFN
Manzimahle,NGG,2,ELS
Manzimdaka,CAA,5,ELS
Manzimdaka,KUM,9,BFN
Manzimdaka,CAA,5,ELS
MANZINI,MTS,1,MTS
Manzotweni,ELD,2,ELS
Maokantshi,LYK,6,KIM
Maokeng,KRO,4,KPR
Maologane,MAB,3,RTR
Mapakoni,MUE,7,PTG
Mapaputle,DWG,4,RTR
Mapate,THO,5,PTG
Mapate,LEV,5,PTG
Mapatjakeng,GPS,3,PTG
Mapela,MAP,3,PTG
Mapeng,MAF,6,PSH
Mapetla,GKA,2,JNB
Mapfontein,MAF,6,PSH
Ma-Phata,NKO,5,PTG
Mapheleni,FLG,5,ELS
Maphepane,LHR,5,RTR
Maphephetha,PIN,1,DUR
Maphiniki,EWB,7,KIM
Maphodi,SPF,5,BFN
Maphoitsile,MTV,4,KIM
Maphopha,JFH,4,PTG
Maphunulo,AZT,2,DUR
Mapitiki,MRK,8,KPR
Maplotini,KUM,9,BFN
Mapoch,SBW,4,WIR
Mapoleseng,TIN,7,PSH
Mapoloba,DLL,5,EMG
Mapondweni,NYK,4,ELS
Mapoteng,MBS,6,KIM
Mapuleng,KNP,7,PSH
Mapumulo,AZT,2,DUR
Mapumulo,MPU,4,DUR
MAPUTSOE,MOE,3,MSU
Maqabaqabeni,LKP,5,DUR
Maqadini,BYI,2,ELS
Maqadini,NOT,8,PSH
Maqadini,OLM,3,ELS
Maqakamzini,NTS,4,ELS
Maqangulweni,NTW,9,BFN
Maqanyeni,NTW,9,BFN
Maqgubeni,QMB,3,ELS
Maqhatseng,KNP,7,PSH
Maqhatseng,KNP,7,PSH
Maqhinebeni,UTT,1,ELS
Maqhingeni,MAI,1,ELS
Maqhingqo,MGH,4,PSH
Maqingeni,LBD,2,ELS
Maqomeni,ELD,2,ELS
Maqomeni,BYI,2,ELS
Maqonqweni,LAF,6,ELS
Maqunde,CIO,4,ELS
Maqwambini,NGQ,2,ELS
Maqwateni,ASK,8,BFN
Maqwateni,GAO,8,BFN
Maqwatini,QQD,6,ELS
Maqwatini,STM,5,ELS
Maqwatini,LUF,9,BFN
Mara,BYY,4,PTG
Mara,MRM,4,PTG
Maraganeng,PHK,4,PTG
Maraisdal,TST,3,BFN
Maraisrust,VTN,2,KPR
Marakana,BSS,1,RTR
Marakaneng,HSL,7,BFN
Maramage,LHR,5,RTR
Maramanzhi,MUE,7,PTG
Marambeni,QMB,3,ELS
Maramzeni,MTY,5,ELS
Maranikhwe,TSP,5,PTG
Maranjana,SNW,5,DUR
Maranugeni,MNB,5,ELS
Maranzhe,SIB,5,PTG
Marapalallo,MAB,3,RTR
Marapeng,BRD,5,NLP
Marapong,DNN,4,WIR
Marapong,MRP,6,PTG
Marapyane,NUF,5,JNB
Marashu,FLG,5,ELS
Maratheng,HLO,5,WIR
Marathon,NLP,1,NLP
Marawuleni,NQK,4,ELS
Marble Hall,MBH,4,WIR
Marburg,PSH,1,PSH
March,LKG,8,UTN
Marchand,MCH,4,UTN
Marchmont,HGL,3,PSH
Mare,MLT,5,WIR
Mareetsane,MNE,5,KPR
Mareleng,MLT,5,WIR
Mareleni,ENG,4,ELS
Maretlwana,DWG,4,RTR
Maretlwane,PEG,6,NLP
Marewini,MFF,4,ELS
Marewood,DSA,2,PSH
Margate,MAR,1,PSH
Marhewini,SNW,5,DUR
Maria-Moed,EWB,7,KIM
Mariasdal,TST,3,BFN
MARIENTAL,MAL,7,WDH
Mariepskop,KPS,5,NLP
Marikana,MAK,1,RTR
Marikana,MAK,1,RTR
Marina Beach,RMG,1,PSH
Marishane Garden,JFH,4,PTG
Marite,MRI,3,NLP
Mariveni,LET,4,PTG
Marken,MKN,4,PTG
Markramsdraai,MKR,6,UTN
Marloth Park,MRL,4,NLP
Marnitz,MAZ,5,PTG
Maroelakop,SON,3,JNB
Marombe,KTP,9,BFN
Marongwana,MRI,3,NLP
Maropeng,CUR,3,PTG
Marotaneng,LMJ,4,KIM
Marothobolong,SBW,4,WIR
Marotholong,MUN,3,PTG
Marowe,KLB,2,PTG
Marquard,MRQ,4,BEM
Marseilles,WSM,4,BFN
Marshmead,DBK,4,DUR
Martinique,WPT,5,PTG
Marubeni,LBD,2,ELS
Marubising,TAU,5,KIM
Marulaneng,GPS,3,PTG
Marulaneng,GSB,4,PTG
Marulaneng,JFH,4,PTG
Maruleni,NCO,5,ELS
Maruping,SDL,6,KIM
Marupotlong,LEB,3,PTG
Marwaqa,MTY,5,ELS
Marydale,MDL,5,UTN
Masakhane,JTR,7,BFN
Masakhe,STK,8,BFN
Masakona,MAM,4,PTG
Masalal,LCT,5,PTG
Masamane,GEM,7,KPR
Masameni,NSL,6,PSH
Masameni,OLB,7,PSH
Masankong,GMP,7,KIM
Masanteng,MGY,4,PTG
Masealama,OFB,2,PTG
Maseha,MAT,6,PTG
Masekolane,MBL,4,RTR
Masekwa,DZN,5,PTG
Masele,QBQ,4,ELS
Maseleleni,BWH,4,ELS
Maseleseleng,JFH,4,PTG
Maselspoort,RSP,1,BFN
Maselu,TSO,5,ELS
MASERU,MSU,1,MSU
Maserumo,NEB,4,PTG
Maseselseng,CUR,3,PTG
Masethe,EMH,4,PTG
Masetlwe,JFH,4,PTG
Mashamptane,BGF,5,PTG
Mashata,KNP,7,PSH
Mashilwane,OFL,5,PTG
Mashishing,LDR,3,NLP
Mashoahleng,KLB,2,PTG
Mashoanyaneng,PHK,4,PTG
Mashobye,MLM,6,PTG
Masibambane,ELT,5,ELS
Masibekela,TGW,4,NLP
Masibi,MMB,5,KPR
Masikhwa,MKO,6,PTG
Masileleng,KNP,7,PSH
Masilo,THN,4,BFN
Masiphumelele,STX,1,CPT
Masisi,MUE,7,PTG
Masite,LEB,3,PTG
Masobe,PVR,3,JNB
Masoying,MLS,4,WIR
Masoyisi,ASK,8,BFN
Massondale,OZI,1,NCS
Masutlhe,MMB,5,KPR
Maswazini,DRE,4,DUR
Maswehatshe,LUW,8,KPR
Mata Mata,SWM,6,UTN
Matafeni,NCO,5,ELS
Matala,MDT,4,ELS
Matalaneng,BSS,1,RTR
Mataleng,BKY,2,KIM
Matandela,MTL,6,PSH
Matane,GVE,6,PSH
Matangari,MKO,6,PTG
Matangari,MKO,6,PTG
Matangari,MKO,6,PTG
Matanzima,CAA,5,ELS
Matanzima,NGG,2,ELS
Matati,CRY,3,ELS
Matatiela,MNB,5,ELS
Matatiele,MTL,6,PSH
Mataulu,MUE,7,PTG
Matayi,NGG,2,ELS
Matebeleng,MGL,4,PTG
Mateko,BYI,2,ELS
Mateleng,KNP,7,PSH
Matewu,MAF,6,PSH
Mathanthanyaneng,MBS,6,KIM
Mathapisa,PHK,4,PTG
Mathibeng,JFH,4,PTG
Mathlatseng,MLT,5,WIR
Mathonsi,NRK,4,DUR
Mathopestad,BNS,2,RTR
Mathukhuthela,PHK,4,PTG
Mathula,HLO,5,WIR
Mathunzini,TNZ,5,ELS
Mathwebu,BZN,3,PSH
Mathys Zyn Loop,DNN,4,WIR
Matibidi,VAH,4,NLP
Matila,ITS,4,KPR
Matile,LOT,5,KPR
Matitivhala,MRM,4,PTG
Matiwane,CFH,3,NCS
Matiyeni,TSK,6,ELS
Matjiesfontein,MJN,6,CPT
Matjiesfontein,ABE,7,PLZ
Matjieskloof,SPU,8,UTN
Matjieskloof,PTB,6,GRJ
Matjiesrivier,GRK,4,GRJ
Matjiesvlei,CZR,4,GRJ
Matla Coal Mine,KRI,2,WIR
Matlabas,MTB,5,RTR
Matlakatle,NEB,4,PTG
Matlakatle,NEB,4,PTG
Matlakeng,ZRN,5,BFN
Matlala,DNN,4,WIR
Matlala,MTA,2,PTG
Matlala,MTA,2,PTG
Matlala Ramoshebo,SBW,4,WIR
Matlametlong,MDW,4,RTR
Matlapaneng,PUD,5,KIM
Matlerekeng,SBW,4,WIR
Matlhase,BWY,5,RTR
Matloding,GEM,7,KPR
Matlwangtlwang,SYS,4,BEM
Matobole,GKK,2,PTG
Matokazini,CFB,4,ELS
Matokomane,PEG,6,NLP
Matolweni,BXS,3,ELS
Matolweni,EBE,4,ELS
Matolweni,IDY,4,ELS
Matombe,GVE,6,PSH
Matome,GPS,3,PTG
Matonana,OLM,3,ELS
MATROOSBERG,MTG,3,CPT
Matsa,DZN,5,PTG
Matsap,MTP,6,UTN
Matsepe,MTT,4,WIR
Matshakatine,MAT,6,PTG
Matshane,EMG,1,EMG
Matshaneng,KAM,6,KIM
Matshavhawe,DZN,5,PTG
Matshena,MAT,6,PTG
Matshepe,ROG,5,KPR
Matshetsha,NGB,4,PSH
Matshiding,SBW,4,WIR
Matshipe,DNN,4,WIR
Matshira,BOC,3,PTG
Matshona,CVB,5,ELS
Matshona,TNZ,5,ELS
Matshona,TNZ,5,ELS
Matshongwe,UTT,1,ELS
Matsieng,PJB,4,BEM
Matsulu,KPM,2,NLP
Matugulu,HAD,9,BFN
Matukwaneng,PEG,6,NLP
Matulini,FNS,3,DUR
Matulini,LSK,4,ELS
Matwabeng,SEN,3,BEM
Matyamhlophe,LAH,9,BFN
Matyamini,QMB,3,ELS
Matyeba,TSL,2,ELS
Matyenengqina,BYI,2,ELS
Matyengankomo,NSL,6,PSH
Matyeni,SNW,5,DUR
Matyeni,ENG,4,ELS
Matyeni,MFF,4,ELS
Matyeni,LAN,3,ELS
Matyhantya,DTF,5,CDO
Matyhantya,DTF,5,CDO
Maubane,PVR,3,JNB
Mauchsberg,MCB,2,NLP
Maumau,BOA,6,ELS
Maumong,BSS,1,RTR
MAUN,MUB,10,GBE
Maungani,THO,5,PTG
Mavaleleni,LSK,4,ELS
Mavambe,MAV,5,PTG
Mavatulana,CHM,2,ELS
Mavela,VAM,2,DUR
Mavelebayi,SKT,6,BFN
Mavete,UTT,1,ELS
Mavhode,MAT,6,PTG
Mavhulani,KLT,5,PTG
Mavhunga,DZN,5,PTG
Maviljan,BOS,4,NLP
Mavunde,MKO,6,PTG
Mavundleni,MAI,1,ELS
Mavundleni,MAI,1,ELS
Mavundleni,QMB,3,ELS
Mavuso,ALC,4,ELS
Mavuvumezini,KWA,4,ELS
Mavuya,IWE,6,ELS
Mawa,LCT,5,PTG
Mawa,LCT,5,PTG
Maweni,BTV,1,ELS
Mawonga,DTF,5,CDO
Mawosheni,NGG,2,ELS
Mawotana,VAM,2,DUR
Mawothi,KHU,1,DUR
Mawuleni,DSA,2,PSH
Mawuleni,CRY,3,ELS
Mawuntini,BXS,3,ELS
Mawusheni,CVB,5,ELS
Mawusheni,EZI,4,ELS
Mawusheni,CVB,5,ELS
Maxambeni,MNB,5,ELS
Maxambeni,NCO,5,ELS
Maxeba,BGU,6,BFN
Maxesibeni,NTW,9,BFN
Maxesibini,MFF,4,ELS
Maxhegwini,MFF,4,ELS
Maxoseni,CFB,4,ELS
Mayaluleni,QQD,6,ELS
Mayalunleni,TSL,2,ELS
Mayalweni,NOT,8,PSH
Mayeakgoro,LMJ,4,KIM
Mayfern,NLP,1,NLP
Mayireni,CVB,5,ELS
Maza,VRN,2,WIR
Mazangweni,NCO,5,ELS
Mazeni,FDD,4,PSH
Mazeppa Bay,MZA,5,ELS
Mazi,HLC,5,PSH
Mazimeni,CGL,3,ELS
Mazizini,PJB,4,BEM
Mazizini,EZI,4,ELS
Mazizini,GAR,5,ELS
Mazizini,NGG,2,ELS
Mazizini,SKT,6,BFN
Mazongozini,QQD,6,ELS
Mazotshweni,FTR,4,ELS
Mbabaat,ACH,4,NLP
Mbabalani,NSL,6,PSH
MBABANE,MBE,1,MBE
Mbadango,FLG,5,ELS
Mbahe,MKO,6,PTG
Mbalisweni,QMB,3,ELS
Mbamba,IDY,4,ELS
Mbandana,MGH,4,PSH
Mbandana,MGH,4,PSH
Mbane,UTT,1,ELS
Mbangcolo,RHM,4,ELS
Mbangwane,TGW,4,NLP
Mbangweni,TNZ,5,ELS
Mbangweni,UTT,1,ELS
Mbanyaru,OLM,3,ELS
Mbasa,NQK,4,ELS
Mbashe,CRY,3,ELS
Mbashe,RHM,4,ELS
Mbashe,NBE,2,ELS
Mbashe,RHM,4,ELS
Mbaula,NKO,5,PTG
Mbazwana,MBZ,5,EMG
Mbelegane,GLC,4,PTG
Mbeni,QMB,3,ELS
Mbentsa,QMB,3,ELS
Mbeteni,BOA,6,ELS
Mbewana,NTS,4,ELS
Mbeza,MFF,4,ELS
Mbhadangu,FLG,5,ELS
Mbhalati,KLT,5,PTG
Mbhanyana,RHM,4,ELS
Mbholompheni,BRV,8,BFN
Mbhongiseni,BLE,5,ELS
Mbilini,CRY,3,ELS
Mbinja,KUM,9,BFN
Mbinja,NTW,9,BFN
Mbinzana,STM,5,ELS
Mbityana,CIO,4,ELS
Mbiza,OLB,7,PSH
Mbizeni,MTL,6,PSH
Mblemfu,HOB,4,ELS
Mbobheni,NGB,4,PSH
Mbobo,SKT,6,BFN
Mbodi,MUE,7,PTG
Mbodi Tsha Fhasi,MUE,7,PTG
Mbodlane,LUF,9,BFN
Mbodleni,MFF,4,ELS
Mbokazi,LSK,4,ELS
Mbokotwana,CRY,3,ELS
Mbokotwana,QOM,5,ELS
Mbokotwana,TSL,2,ELS
Mboleni,FLG,5,ELS
Mboleni,NOT,8,PSH
Mbolompeni,BLN,2,ELS
Mbolompo,NBE,2,ELS
Mbombela,KNM,2,NLP
Mbombo,QMB,3,ELS
Mbongolwane,ENT,4,EMG
Mbongweni,FDD,4,PSH
Mbongweni,LBD,2,ELS
Mbongweni,FDD,4,PSH
Mbongweni,IMI,4,PSH
Mbonisweni,NTW,9,BFN
Mbotyi,EMB,6,PSH
Mboya,CIO,4,ELS
Mbozisa,NBE,2,ELS
Mbozizeni,LSK,4,ELS
Mbude,MPO,2,EMG
Mbudu,LSK,4,ELS
Mbuli,EZI,4,ELS
Mbulu,TSO,5,ELS
Mbulukweza,BLE,5,ELS
Mbumbazi,ROD,6,PSH
Mbumbulwana,BTD,4,PSH
Mbutho,TSL,2,ELS
Mbutweni,FDD,4,PSH
Mbuzini,TGW,4,NLP
Mc Bride Village,WIS,6,ELS
Mcamama,MDT,4,ELS
Mcata,CIO,4,ELS
Mcata,NBE,2,ELS
Mcelu,FLG,5,ELS
Mcelwane,MNB,5,ELS
Mceula,ASK,8,BFN
Mcewula,BLE,5,ELS
McGregor,MCG,5,CPT
Mcobotini,LSK,4,ELS
Mcobotini,OLM,3,ELS
Mconco,MTM,1,ELS
Mcumngco,CVB,5,ELS
Mdabukweni,MFF,4,ELS
Mdabukweni,MFF,4,ELS
Mdakeni,BNY,5,PSH
Mdakeni,QMB,3,ELS
Mdantsane,FJN,2,ELS
Mdemi,BTV,1,ELS
Mdeni,BLP,5,CDO
Mdeni,BNY,5,PSH
Mdeni,BWH,4,ELS
Mdeni,CGL,3,ELS
Mdeni,CRY,3,ELS
Mdeni,CVB,5,ELS
Mdeni,ENG,4,ELS
Mdeni,GAR,5,ELS
Mdeni,HGB,4,ELS
Mdeni,IDA,8,BFN
Mdeni,LAF,6,ELS
Mdeni,LAH,9,BFN
Mdeni,LAH,9,BFN
Mdeni,NSL,6,PSH
Mdeni,QMB,3,ELS
Mdeni,UTT,1,ELS
Mdeni,ASK,8,BFN
Mdeni,NBE,2,ELS
Mdeni,NOB,5,ELS
Mdeni,QMB,3,ELS
Mdeni,UTT,1,ELS
Mdibaniso,NQB,6,ELS
Mdikana,CFB,4,ELS
Mdikana,NSL,6,PSH
Mdikane,NOT,8,PSH
Mdikisweni,NGB,4,PSH
Mdilingwa,KUM,9,BFN
Mdina,LBD,2,ELS
Mdini,TNZ,5,ELS
Mdlabona,SKT,6,BFN
Mdlankuku,HAD,9,BFN
Mdlokolo,NTS,4,ELS
Mdlokovana,MTF,5,ELS
Mdlokovane,HSL,7,BFN
Mdnetyeni,BSI,4,PSH
Mdogo,HSL,7,BFN
Mdukudeni,CVB,5,ELS
Mdumazulu,HLC,5,PSH
Mdumazulu,OLB,7,PSH
Mdumbi,NGG,2,ELS
Mdunjini,TSO,5,ELS
Mdzonga,CIO,4,ELS
Meadowlands,MEA,3,JNB
Meadows,MDS,3,BFN
Mecwetsaneng,MBS,6,KIM
Medingen,GMD,4,PTG
Meetsa-A-Bophelo Mission,OFL,5,PTG
Mehlareng,GPS,3,PTG
Mehloloaneng,KNP,7,PSH
Mehlomnyama,DSA,2,PSH
Mejela,IMI,4,PSH
Mekeni,NQK,4,ELS
Melani,FTR,4,ELS
Melinda,WPT,5,PTG
Melitafa,ELD,2,ELS
Melkbosch,WPT,5,PTG
Melkbosstrand,DUN,1,CPT
Melkrivier,MLK,5,PTG
Melmoth,MEH,3,EMG
Meloding,VGA,4,BFN
Melrose,PTS,2,PLZ
Meltonwold,MLW,8,CDO
Melville,HBD,2,PSH
Memel,MEM,2,NCS
Mendu,RHM,4,ELS
Meni,FLG,5,ELS
Menin,RVS,5,DUR
Meqheleng,FXB,4,BEM
Merekome,LCT,5,PTG
Merelisa,NTS,4,ELS
Merino,SLS,3,BFN
Merriman,MEN,7,CDO
Merrivale,HWR,3,DUR
Merry Pebble Stream,TML,4,NLP
Merryland,HAE,2,DUR
Mersey,WBG,3,DUR
Merve,MLM,6,PTG
Merweville,MWV,6,GRJ
Mesa,MSA,2,KPR
Mesklip,MKL,9,UTN
Metsanangwana,NUF,5,JNB
Metsimaholo,ORV,5,JNB
Metz,OFL,5,PTG
Mevana,NQB,6,ELS
Meyerton,MTN,3,JNB
Mfabantu,LBD,2,ELS
Mfabantu,LBD,2,ELS
Mfabantu,MTM,1,ELS
Mfabantu,NTW,9,BFN
Mfabantu,TSL,2,ELS
Mfabantu,TSL,2,ELS
Mfanta,MTF,5,ELS
Mfidike,ZNV,1,RTR
Mfihlo,TSO,5,ELS
Mfiki,MDT,4,ELS
Mfiki,SKT,6,BFN
Mfinizweni,FLG,5,ELS
Mfolozi,TSL,2,ELS
Mfula,ELD,2,ELS
Mfula,TNZ,5,ELS
Mfulamhle,UMZ,5,DUR
Mfuleni,KYT,1,CPT
Mfume,AZT,2,DUR
Mfundambeni,NGB,4,PSH
Mfundisweni,MGH,4,PSH
Mfundisweni Mission,MGH,4,PSH
Mfundweni,BSI,4,PSH
Mganu,MFF,4,ELS
Mgcantsi,LAH,9,BFN
Mgcetyana,TIN,7,PSH
Mghaphetshu,LBD,2,ELS
Mgibeni,NCO,5,ELS
Mgiso,NSL,6,PSH
Mgobode,TGW,4,NLP
Mgobozweni,EZI,4,ELS
Mgodi,BUW,4,DUR
Mgodi,MFF,4,ELS
Mgodini,HLC,5,PSH
Mgojweni,LSK,4,ELS
Mgojweni,NGG,2,ELS
Mgontshi,MFF,4,ELS
Mgotwane,CIO,4,ELS
Mgquba,ALC,4,ELS
Mgqukwebe,BRV,8,BFN
Mgqumangwe,ROD,6,PSH
Mgugwane,GVE,6,PSH
Mguli,HSL,7,BFN
Mgungundlovu,HLC,5,PSH
Mgungundlovu,ROD,6,PSH
Mgwalana,ENG,4,ELS
Mgwalana,IWE,6,ELS
Mgwalana,PDD,5,PLZ
Mgwali,MGW,4,ELS
Mgwedleni,TNZ,5,ELS
Mgwenyana,NSL,6,PSH
Mgxobhozweni,TSO,5,ELS
Mgxobozweni,GAR,5,ELS
Mgxojeni,MFF,4,ELS
Mgxumza,ASK,8,BFN
Mhala,MYU,3,ELS
Mhglangiso,FAL,5,PLZ
Mhlabamnyama,NOT,8,PSH
Mhlabamnyama,QMB,3,ELS
Mhlabas,BTD,4,PSH
Mhlabathi,QMB,3,ELS
Mhlabathini,LDN,7,BFN
Mhlabati,TSL,2,ELS
Mhlabatshane,HHR,4,DUR
Mhlabeni,MTM,1,ELS
Mhlahlane,NYK,4,ELS
Mhlahlane,OLB,7,PSH
Mhlahlane,TSL,2,ELS
Mhlahlane,UTT,1,ELS
Mhlakotshane,NGG,2,ELS
Mhlakulo,TSL,2,ELS
Mhlalendlini,BMA,2,PSH
Mhlanga,FXT,1,EMG
Mhlanga,BZN,3,PSH
Mhlanga,FLG,5,ELS
Mhlanga,BMA,2,PSH
Mhlangana Mission,MUD,5,DUR
Mhlanganisweni,HOB,4,ELS
Mhlanganisweni,LBD,2,ELS
Mhlangeni,HLC,5,PSH
Mhlangeni,LEH,6,PSH
Mhlohlozi,EBE,4,ELS
Mhlontlo,MYU,3,ELS
Mhlonyaneni,CAA,5,ELS
Mhlonyaneni,TNZ,5,ELS
Mhlopekazi,CGL,3,ELS
Mhloshana,KAL,3,NLP
Mhlotsheni,NSL,6,PSH
MHLUME,MME,5,MBE
Mhluzi,DLR,1,WIR
Mhluzini,ROD,6,PSH
Mholo,MKV,5,KIM
Mhontlo,HAD,9,BFN
Mhuku,MYU,3,ELS
Mianzwi,KLT,5,PTG
Mianzwi,MKO,6,PTG
Mica,MIC,5,NLP
Michaeldene,CHM,2,ELS
Michaelhouse,BGN,4,DUR
Middel Koegas,KOG,5,UTN
Middelbult,DYE,4,JNB
Middelburg,DLR,1,WIR
Middelburg,MGK,4,CDO
Middeldeel,SLS,3,BFN
Middeldrift,KDK,4,RTR
Middelpos,MDP,8,CPT
Middelpos,MGK,4,CDO
Middelrus,MUD,5,DUR
Middelwit,MDW,4,RTR
Middledrift,MDT,4,ELS
Middledrift,KZK,5,DUR
Middleton,CLN,4,CPT
Middleton,CHQ,5,PLZ
Midoroni,MRM,4,PTG
Midrand,MID,1,JNB
Miga,BWY,5,RTR
Migavhini,DZN,5,PTG
Migdol,MGX,5,KPR
Mijikweni,QMB,3,ELS
Milford,HSP,2,NCS
Millands,SWD,6,CPT
Miller,MLR,6,GRJ
Millvale,MLV,2,RTR
Milnerton,DUN,1,CPT
Mimosa Park,CHM,2,ELS
Minga,NTW,9,BFN
Minnaar,CLV,2,WIR
Minnieskloof,SOD,7,KIM
Minto No 2,EWB,7,KIM
Mirage,MIR,2,KPR
Misevheyambwenda,BCH,4,PTG
Misgund,MGD,6,PLZ
Mishini,BON,4,PSH
Mission,BWH,4,ELS
Mission,NQK,4,ELS
Misty Mount,MTM,1,ELS
Mitchells Plain,MCP,1,CPT
Mitford,TSK,6,ELS
Mjaliswa,LBD,2,ELS
Mjanyana,LAN,3,ELS
Mjanyelwa,BZN,3,PSH
Mjelweni,OLM,3,ELS
Mjika,HGL,3,PSH
Mjikelweni,NQK,4,ELS
Mjikelweni,QMB,3,ELS
Mjikwa,QMB,3,ELS
Mjikweni,ELD,2,ELS
Mjikweni,ELD,2,ELS
Mjila,ROD,6,PSH
Mjobeni,MTM,1,ELS
Mjula,TSO,5,ELS
Mkambati,MKB,6,PSH
Mkamela,POG,6,PSH
Mkangisa,BNY,5,PSH
Mkangiso,OLB,7,PSH
Mkanzi,ENG,4,ELS
Mkanzini,NSL,6,PSH
Mkapusi,BRV,8,BFN
Mkemani,ROD,6,PSH
Mketengeni,HLC,5,PSH
Mkhambathi,FDD,4,PSH
Mkhambathini,HAE,2,DUR
Mkhanzi,TSK,6,ELS
Mkhatshane,CRI,5,DUR
Mkhazane,ULD,4,EMG
Mkhezweni,OLM,3,ELS
Mkhonqo,MFF,4,ELS
Mkhukhwini,NTS,4,ELS
Mkhwezeni,EZI,4,ELS
Mkhwezo,BYI,2,ELS
Mkiwaneni,HLB,4,EMG
Mkize,QUD,6,DUR
Mkoba,HGL,3,PSH
Mkobeni,MDT,4,ELS
Mkonjana,BOA,6,ELS
Mkukwini,BRG,5,NCS
Mkukwini,STM,5,ELS
Mkunjana,CRY,3,ELS
Mkuthukeni,GAR,5,ELS
Mkutukeni,ELD,2,ELS
Mkuze,MKD,5,EMG
Mkwezweni,CVB,5,ELS
Mkwezweni,QMB,3,ELS
Mkwezweni,UTT,1,ELS
Mkwinti,GAR,5,ELS
Mlambondaba,FDD,4,PSH
Mlamlankunzi,LOP,9,BFN
Mlamli,SKT,6,BFN
Mlengana,OLB,7,PSH
Mlenzana,SNW,5,DUR
Mlenzi,LAH,9,BFN
Mlhava,GIY,5,PTG
Mlongosi,DLL,5,EMG
Mlungisi,QTN,6,ELS
Mmadigorong,KLB,2,PTG
Mmafefe,PEG,6,NLP
Mmahlogo,MAP,3,PTG
Mmakala,GLL,3,PTG
Mmakaunyane,MBP,3,JNB
Mmakaunyane,MBP,3,JNB
Mmakgwabe,GPS,3,PTG
Mmakola,NUF,5,JNB
Mmakotse,GPS,3,PTG
Mmamahabane,VBG,5,BFN
Mmamashokwane,MDV,5,KIM
Mmamatlakala,MOK,4,PTG
Mmametlhake,RDW,4,JNB
Mmamutla,MMV,4,KIM
Mmangweni,BOA,6,ELS
Mmangweni,BZN,3,PSH
Mmangweni,GAO,8,BFN
Mmangweni,HGB,4,ELS
Mmangweni,NBE,2,ELS
Mmangweni,QMB,3,ELS
Mmangweni,QQD,6,ELS
Mmangweni,TNZ,5,ELS
Mmangweni,CAA,5,ELS
Mmangweni,TSL,2,ELS
Mmanopi,LET,4,PTG
Mmantserre,SWK,4,RTR
Mmaphoko,KNV,5,PTG
Mmarobale,SOM,2,PTG
Mmasebudule,NVD,5,RTR
Mmasikwe,HNB,3,PTG
Mmatau,MBL,4,RTR
Mmatladi,OVY,5,PTG
Mmelwane,OLM,3,ELS
Mmorogong,MWS,3,RTR
Mmotwaneng,PHK,4,PTG
Mnandi,EBE,4,ELS
Mncane,BTV,1,ELS
Mncane,HLC,5,PSH
Mnceba,ROD,6,PSH
Mncinelwa,MFF,4,ELS
Mncweba,RVS,5,DUR
Mndundu,EBE,4,ELS
Mneketshe,FLG,5,ELS
Mngamnye,NGG,2,ELS
Mngampondo,NDD,2,EMG
Mngazana,ALD,3,ELS
Mngazana,NGG,2,ELS
Mngazana,ROD,6,PSH
Mngazi,NSL,6,PSH
Mngcangatelo,OLM,3,ELS
Mngcefeni,TNZ,5,ELS
Mngceleni,MTM,1,ELS
Mngcipongweni,TNZ,5,ELS
Mngcitha,BXS,3,ELS
Mngeni,FLG,5,ELS
Mngeni,KTI,4,ELS
Mngomane,HLC,5,PSH
Mngqalasini,KTI,4,ELS
Mngqesha,DBZ,3,ELS
Mngwemnyama,ROD,6,PSH
Mnqaba James,MDT,4,ELS
Mnqaba Kulile,DBZ,3,ELS
Mnqandanto,TSL,2,ELS
Mnqobokazi,MBZ,5,EMG
Mnqunyana,MFF,4,ELS
Mntla,BLN,2,ELS
Mntlabathi,BLN,2,ELS
Mntsholobeni,NOT,8,PSH
Mntuntloni,CAA,5,ELS
Mnxe,CAA,5,ELS
Mnyama,LBD,2,ELS
Mnyameni,KEK,4,ELS
Mnyameni,QBQ,4,ELS
Mnyane,BYI,2,ELS
Mnyangula,NOB,5,ELS
Mnyani,DVL,6,KPR
Mnyolo,KUM,9,BFN
Mnyolo,NBE,2,ELS
Mnyolo Heights,KUM,9,BFN
MOCHUDI,MDI,2,GBE
Modaka,DBZ,3,ELS
Modderfontein,WTI,3,JNB
Modderpoort,LBR,4,BFN
Modderrivier,MRS,2,KIM
Modderspruit,SON,3,JNB
Modiane,PVR,3,JNB
Modikisweni,FLG,5,ELS
Modikwe,HAV,4,JNB
Modimola,MMB,5,KPR
Modimolle,NSR,5,JNB
Modimung,MDV,5,KIM
Modisakoma,VRU,6,KPR
Modjadji,GMD,4,PTG
Modjadjiskloof,DVF,4,PTG
Modubung,GMD,4,PTG
Module,MAB,3,RTR
Modutung,MGV,4,KIM
Modutung,VKD,3,BFN
Moeaneng,KNP,7,PSH
Moemaneng,MRQ,4,BEM
Moeswal,MSW,5,UTN
Moetagare,GLL,3,PTG
Mofufutso,GYD,5,KPR
Mofulatshepe,SMF,4,BFN
Mogaba,BRD,5,NLP
Mogaladi,PHK,4,PTG
Mogalakwena,MGL,4,PTG
Mogalakwena,BLA,4,PTG
Mogalatsana,MGY,4,PTG
Mogale City,MGS,2,RTR
Moganyaka,MGY,4,PTG
Mogapeng,OFL,5,PTG
Mogobelwala,JFH,4,PTG
Mogodi,CUR,3,PTG
Mogoditshane,MAB,3,RTR
Mogogelo,BBG,3,JNB
Mogohlwaneng,RAD,4,JNB
Mogomane,SBW,4,WIR
Mogono,BHK,2,RTR
Mogopela,PUD,5,KIM
Mogosane,MMB,5,KPR
Mogoto,ZEB,3,PTG
Mogwadi,DND,3,PTG
Mogwase,MWS,3,RTR
Mogwasi,MWS,3,RTR
MOHALES HOEK,MSK,4,MSU
Mohlabaneng,HLR,4,PTG
Mohlajeng,BTK,4,PTG
Mohlakamosoma,GMD,4,PTG
Mohlakeng,RDF,3,JNB
Mohlaletsi,JFH,4,PTG
Mohlarekoma,GLC,4,PTG
Mohlonong,MSH,2,PTG
Mohlotshi,MGY,4,PTG
Mohoabatsana,KNP,7,PSH
Mohoabatsana,TIN,7,PSH
Mohoatla,TIN,7,PSH
Mohwelere,JFH,4,PTG
Moiletswane,MBP,3,JNB
Moime,LTA,4,PTG
Mokala-Mosesane,SDL,6,KIM
Mokamole,MOK,4,PTG
MOKASSA 1,MKS,0,KIM
Mokgalaneng,MDW,4,RTR
Mokgareng,MKG,5,KIM
Mokgolobotho,LTA,4,PTG
Mokobjane,MBU,4,RTR
Mokolo,PHK,4,PTG
Mokomotsi,LTA,4,PTG
Mokopane,PTR,3,PTG
Mokope,GYD,5,KPR
Mokoropo,PEG,6,NLP
Mokudung,BTK,4,PTG
Mokurwanyane,WPT,5,PTG
Mokwallo,VRF,4,KPR
Mokwete,JFH,4,PTG
Molapo,GPS,3,PTG
Molatedi,DWG,4,RTR
Molawi,BRD,5,NLP
Moldenvale,LAN,3,ELS
Moleke,HNB,3,PTG
Molenrivier,CER,4,CPT
Molenrivier,MOR,3,GRJ
MOLEPOLOLE,MLE,3,GBE
Moletlane,GPS,3,PTG
Moletsi,RDW,4,JNB
Mololema,MOL,5,KIM
Molomowapitsana,EWB,7,KIM
Molongwane,SEE,5,PTG
Molopo Oog,ELP,5,RTR
Moloporivier,GEM,7,KPR
Moloro,KAX,4,NLP
Molorwe,MAB,3,RTR
Moloto,KLA,4,WIR
Molteno,MOQ,8,BFN
Molweni,PIN,1,DUR
Mome,GAR,5,ELS
Monakato,MWS,3,RTR
Monametsi,HNB,3,PTG
Mongalo,BTK,4,PTG
Mongatane,MKN,4,PTG
Monkhankhaneng,MAF,6,PSH
Mononono,NRR,3,RTR
Monontsha,PJB,4,BEM
Monotwane,MTA,2,PTG
Monsterlus,HLO,5,WIR
Montagu,MGU,5,CPT
Montanjeni,BLE,5,ELS
Monte Christo,MTC,6,PTG
Monte Cristo,BLA,4,PTG
MONTE VIDEO,MOV,3,BFN
Montebello Mission,FNS,3,DUR
Montgomery,UGE,3,ELS
Monti,BZN,3,PSH
Montrose,BVL,1,NLP
Montsana,DWG,4,RTR
Monwabisi,DBZ,3,ELS
Monyakeng,WLB,5,BFN
Monywaneng,KLB,2,PTG
Monzi,MUT,2,EMG
Mooi River,MRR,4,DUR
Mooifontein,MOO,5,KPR
Mooifontein,AMA,3,ELS
Mooinooi,MON,2,RTR
Mooipan,DEP,5,KPR
Mooiplaas,CUR,3,PTG
Mooiplaas,ELU,4,NLP
Mooiplaas,GLU,5,NCS
Mooiplaas,LEB,3,PTG
Mooiplaas,PHW,7,PTG
Mooiplaas,DPT,5,RTR
Mooivlei,BWP,4,CDO
Mookaneng,DIN,6,KIM
Mooketsi,MKI,3,PTG
Mookgophong,NBR,4,PTG
Moomane,PHK,4,PTG
Moomane,PHK,4,PTG
Moordkuil,MOD,4,CPT
Moorreesburg,MRB,3,VDR
Mopane,MPI,5,PTG
Mophamamona,BTK,4,PTG
Mopyane,SWK,4,RTR
Morago,SLS,3,BFN
Morapalala,GMD,4,PTG
Morapaneng,PEG,6,NLP
Moratele,PVR,3,JNB
Morebeng,SMC,3,PTG
Moremela,VAH,4,NLP
Moreneng,MAF,6,PSH
Moretele,MTE,5,KIM
Moreteletsi,MBL,4,RTR
Morgan's Bay,MGB,3,ELS
Morgenzon,BCH,4,PTG
Morgenzon,MOZ,4,NCS
Morgenzon,PEG,6,NLP
Moripane,JFH,4,PTG
Morogong,BTK,4,PTG
Moroka,MTF,5,ELS
Moroke,PEG,6,NLP
Morokwaneng,MRK,8,KPR
Morokweng,MNH,5,KIM
Morokweng,MRK,8,KPR
Moroto,TST,3,BFN
Morotse,LEB,3,PTG
Morotsi,TOL,5,PTG
Morristown,MOT,8,BFN
Mortimer,MOM,1,CDO
Moruleng,MWS,3,RTR
Morwaneng,HLO,5,WIR
Morwatshetlha,LOT,5,KPR
Morwe,SBW,4,WIR
Mosakong,LYK,6,KIM
Mosate,MUN,3,PTG
Mosehla,PHK,4,PTG
Mosehleng,BTK,4,PTG
Moshesh's Ford,MOS,8,BFN
Moshira,PEG,6,NLP
Mosiphane,NKB,4,PTG
Mosira,GLL,3,PTG
Mosita,MSI,7,KPR
Mositlane,MBO,5,KPR
Mossel Bay,MSB,2,GRJ
Mossiesdal,MSD,4,WIR
Mosuka,MGL,4,PTG
Moswana,GNY,8,KPR
Mosweu,LHR,5,RTR
Motantanyana,GPS,3,PTG
Motetema,MTT,4,WIR
Moteti,DNN,4,WIR
Moteti B,DNN,4,WIR
Mothanthanyaneng,LMV,5,KIM
Motheong,KNP,7,PSH
Motherwell,PLZ,1,PLZ
Mothibistat,MBS,6,KIM
Mothomeng,GMD,4,PTG
Mothong,KAM,6,KIM
Mothutlung,BTR,3,JNB
Motlailane,BGF,5,PTG
Motlamotshe,PEG,6,NLP
Motlhabe,MAB,3,RTR
Motlhabeng,LHR,5,RTR
Motlhatsweng,LEW,2,PTG
Motlolo,PEG,6,NLP
Motloulela,PEG,6,NLP
Motsane,PEG,6,NLP
Motseleope,PHK,4,PTG
Motsephiri,PHK,4,PTG
Motserereng,GPS,3,PTG
Motserereng,GPS,3,PTG
Motshikiri,TWE,3,RTR
Motshitong,DGR,5,PTG
Motsiphiri,PHK,4,PTG
Motsitle,BSS,1,RTR
Motswedi,LHR,5,RTR
Motswedimosa,RTH,2,KIM
Motsweding,LMJ,4,KIM
Moubana,MBL,4,RTR
Moumong,GKA,2,JNB
Mount Arthur,BRV,8,BFN
Mount Ayliff,MTY,5,ELS
Mount Bleak,LSK,4,ELS
Mount Edgecombe,KHU,1,DUR
Mount Elias,FNS,3,DUR
Mount Fletcher,MTF,5,ELS
Mount Frere,MFF,4,ELS
Mount Hargreaves,MTL,6,PSH
Mount Hope,FLG,5,ELS
Mount Horeb,MFF,4,ELS
Mount Moreland,VAM,2,DUR
Mount Nelson,LSK,4,ELS
Mount Ngwini,APH,5,NCS
MOUNT PELAAN,MOP,5,BEM
Mount Pleasant,CHM,2,ELS
Mount Pleasant,RHM,4,ELS
Mount Prospect,SKT,6,BFN
MOUNT RUPERT,MTR,3,KIM
Mount Stewart,MTW,5,PLZ
Mount View,BOA,6,ELS
Mount White,MFF,4,ELS
Mountain View,LEW,2,PTG
Mountain View,UMZ,5,DUR
Mountjoy,WPT,5,PTG
Mowa,MTY,5,ELS
Mowa,MTY,5,ELS
Moyeni,BRG,5,NCS
Moyeni,LKP,5,DUR
Moyeni,SNW,5,DUR
Moyeni,BLE,5,ELS
Moyeni,LBD,2,ELS
Moyeni,MTM,1,ELS
Mozana,HMB,2,ELS
Mpafane,NBE,2,ELS
Mpakama,OLM,3,ELS
Mpakeni,KNM,2,NLP
Mpalheni,FBF,5,ELS
Mpamba,NOT,8,PSH
Mpambayoni,NQI,2,PSH
Mpandela,BYI,2,ELS
Mpandeni,ELD,2,ELS
Mpanganeni,TGW,4,NLP
Mpanza,KTD,5,DUR
Mpeko,UTT,1,ELS
Mpelazwe,BON,4,PSH
Mpemba,MFF,4,ELS
Mpemba,MFF,4,ELS
Mpemba,ROD,6,PSH
Mpemvana,MMM,4,NCS
Mpendla,MFF,4,ELS
Mpendle,LAH,9,BFN
Mpendle,MTM,1,ELS
Mpeni,FDD,4,PSH
Mpentse,KTI,4,ELS
Mpepeni,IDY,4,ELS
Mpepule,GIY,5,PTG
Mpetu,MUP,4,ELS
Mphaaneng,CUR,3,PTG
Mphahlele,LEB,3,PTG
Mphakane,DRR,2,PTG
Mphake,PHK,4,PTG
Mphanama,JFH,4,PTG
Mphangana,LBD,2,ELS
Mpharane,MTF,5,ELS
Mphehla,KTP,9,BFN
Mphelelo,MGL,4,PTG
Mpheleng,DNN,4,WIR
Mphofotse,JFH,4,PTG
Mphofotse,JFH,4,PTG
Mphola,HLB,4,EMG
Mphonyoke,MDW,4,RTR
Mphothulo,BOA,6,ELS
Mpikwane,CRY,3,ELS
Mpilweni,KUM,9,BFN
Mpimbo,NOT,8,PSH
Mpindweni,MTM,1,ELS
Mpindweni,MTM,1,ELS
Mpindweni,OLM,3,ELS
Mpindweni,QMB,3,ELS
Mpindweni,ROD,6,PSH
Mpindweni,QMB,3,ELS
Mpisini,TNZ,5,ELS
Mpofini,IXO,4,DUR
Mpola,PIN,1,DUR
Mpola,MFF,4,ELS
Mpolweni,WBG,3,DUR
Mpolweni,ALD,3,ELS
Mpolweni,LSK,4,ELS
Mpondombini,LSK,4,ELS
Mpongweni,MFF,4,ELS
Mpophomeni,HWR,3,DUR
Mposa,MPO,2,EMG
Mposana,NGG,2,ELS
Mpotyo,NCO,5,ELS
Mpoza,GVE,6,PSH
Mpoza,ROD,6,PSH
Mpoza,TNZ,5,ELS
Mpoza,TSL,2,ELS
Mpozisa,ALC,4,ELS
Mpozolo,MYU,3,ELS
Mpozolo,RHM,4,ELS
Mpudulle,HLO,5,WIR
Mpukane,EZI,4,ELS
Mpuku,MYU,3,ELS
Mpuluzi,DNA,6,WIR
Mpumalanga,HAE,2,DUR
Mpumaze,FLG,5,ELS
Mpumaze,QMB,3,ELS
Mpundu,DBZ,3,ELS
Mpunga,HHR,4,DUR
Mpungamhlophe,NLZ,4,EMG
Mpungose,ULD,4,EMG
Mpungutyana,MFF,4,ELS
Mpunkone,TNZ,5,ELS
Mputi,NBE,2,ELS
Mpzema,DZN,5,PTG
Mqabaqabeni,CVB,5,ELS
Mqakwane,KEK,4,ELS
Mqaleni,NSL,6,PSH
Mqanduli,MAI,1,ELS
Mqedandaba,LKP,5,DUR
Mqekezweni,BYI,2,ELS
Mqele,ALD,3,ELS
Mqeni,IMI,4,PSH
Mqhaphetshu,NGG,2,ELS
Mqhokweni,BTD,4,PSH
Mqinda,CIO,4,ELS
Mqokrweni,BYI,2,ELS
Mqonci,NTS,4,ELS
Mqorwane,NOB,5,ELS
Mqotwane,CIO,4,ELS
Mqukwane,KEK,4,ELS
Mqulela,BUW,4,DUR
Mqume,HLC,5,PSH
Mquthasaka,MFF,4,ELS
Mqwangqueni,FLG,5,ELS
Mqwashwini,PDD,5,PLZ
Mroshozo,LSK,4,ELS
Mroshozweni,CRY,3,ELS
Msamqulo,EZI,4,ELS
Msarweni,CVB,5,ELS
Mseleni,MBZ,5,EMG
Mseleni,HLC,5,PSH
Msendo,RHM,4,ELS
Msenge,IWE,6,ELS
Msengeni,KWT,3,ELS
Msengeni,CIO,4,ELS
Mseni,NQI,2,PSH
Msikaba,HLC,5,PSH
Msila,BXS,3,ELS
Msingeni,BWH,4,ELS
Msinsini,HBD,2,PSH
Msintsana,EBE,4,ELS
Msintsana,LAN,3,ELS
Msintsini,KWT,3,ELS
Msobomvu,FTR,4,ELS
Msukeni,CFB,4,ELS
Msundulo,BLN,2,ELS
Msunduzi,PZB,3,DUR
Mtakatyi,NOT,8,PSH
Mtambalala,GVE,6,PSH
Mtamvuna,BZN,3,PSH
Mtamvuna,FDD,4,PSH
Mtati,DBZ,3,ELS
Mtebele,BOA,6,ELS
Mtentu,BXS,3,ELS
Mtha,SAD,5,ELS
Mthatha,UTT,1,ELS
Mthimchongo,MHG,5,EMG
Mthini,IWE,6,ELS
Mthini,UTT,1,ELS
Mthokwana,ELD,2,ELS
Mthokwana,NQB,6,ELS
Mthombo,ROD,6,PSH
Mthongwana,BWH,4,ELS
Mthonjeni,NQK,4,ELS
Mthonjeni,PDD,5,PLZ
Mthozelo,QMB,3,ELS
Mthwaku,ENG,4,ELS
Mthwaku,KEK,4,ELS
Mthwaku,NQK,4,ELS
Mthwalume,HBD,2,PSH
Mtimbini,CVB,5,ELS
Mtini,LAN,3,ELS
Mtini,NBE,2,ELS
Mtititi,MLM,6,PTG
Mtokwane,OLM,3,ELS
Mtombe,BEL,3,ELS
Mtombe,LBD,2,ELS
Mtonjana,NGG,2,ELS
Mtonjane,CFB,4,ELS
Mtonjaneni,RLH,3,EMG
Mtonjeni,LAF,6,ELS
Mtonjeni,MNB,5,ELS
Mtontsasa,HLC,5,PSH
Mtshampumpu,CED,6,PSH
Mtshanganeni,BLE,5,ELS
Mtshatshaneni,KNP,7,PSH
Mtshazi,MFF,4,ELS
Mtshazi,QMB,3,ELS
Mtshekelweni,FLG,5,ELS
Mtsheko,LAF,6,ELS
Mtsheyelweni,CRY,3,ELS
Mtshezi,NTW,9,BFN
Mtshisa,SKT,6,BFN
Mtshobo,BYI,2,ELS
Mtshonyaneni,BLN,2,ELS
Mtsiki,EZI,4,ELS
Mtsila,ROD,6,PSH
Mtsila,SKT,6,BFN
Mtubatuba,MUT,2,EMG
Mtukukazi,TNZ,5,ELS
Mtulwa,FNS,3,DUR
Mtumasi,KNP,7,PSH
Mtunzini,MZI,2,EMG
Mtuvi,BYI,2,ELS
Mtuvi,EBE,4,ELS
Mtuzini,LSK,4,ELS
Mtwakazi,TSK,6,ELS
Mtwaku,BRB,2,ELS
Mtwaku,FLG,5,ELS
Mtwaku,FTR,4,ELS
Mtwaku,MNB,5,ELS
Mtwaku,MTY,5,ELS
Mtwaku,EZI,4,ELS
Mtwalume,HBD,2,PSH
Mtyamde,NCO,5,ELS
Mtyintyini,STM,5,ELS
Mtyinweni,KWT,3,ELS
Mtyolo,KWT,3,ELS
Mtyuba,HOB,4,ELS
Muden,MUD,5,DUR
Muduluni,MRM,4,PTG
Mudzidzidzi,SIB,5,PTG
Muelelo,NSL,6,PSH
Mufulwi,MAT,6,PTG
Mugwazini,NKB,4,PTG
Muhlahlandlela,HMG,4,PTG
Muhotoni,MKO,6,PTG
Muhuyu,MKO,6,PTG
Muila,SMC,3,PTG
Muila,SMC,3,PTG
Muiladi,SIB,5,PTG
Muisvlakte,AXB,10,UTN
Mukhomi,MAV,5,PTG
Mukondeni,EMH,4,PTG
Mukovhawabale,MAT,6,PTG
Mukula,MKO,6,PTG
Mukumawabane,MUE,7,PTG
Mukumbani,SIB,5,PTG
Mukununele,MUE,7,PTG
Mulati,MUL,5,PTG
Muledene,THO,5,PTG
Mulenzhe,MAV,5,PTG
Mulima,EMH,4,PTG
Mullingar,HSP,2,NCS
Mulodi,MAT,6,PTG
Munnik,MUN,3,PTG
Munsieville,BHP,2,JNB
Munster,BMA,2,PSH
Munwe,SIB,5,PTG
Munyu,MYU,3,ELS
Munyu,MYU,3,ELS
Muraga,MLM,6,PTG
Muraleni,MRM,4,PTG
Muraluwe,MAT,6,PTG
Muramba,SIB,5,PTG
Murasie,FTR,4,ELS
Murchison,ISH,1,PSH
Murchison,MUL,5,PTG
Murraysburg,MRY,8,CDO
Musanda,TKN,6,PTG
Musekwa,DZN,5,PTG
Mushithe,MUE,7,PTG
Musina,MES,6,PTG
Musong,SKT,6,BFN
Muswa,TSK,6,ELS
Muswodi,MAT,6,PTG
Muswodi Dipeni,MAT,6,PTG
Mutale,MUE,7,PTG
Mutale,MAT,6,PTG
Mutoti,MAV,5,PTG
Mutshavhawe,MKO,6,PTG
Mutshenzheni,MKO,6,PTG
Muumoni,SMC,3,PTG
Muungadi,MRM,4,PTG
Muwaweni,MAM,4,PTG
Muyexe,GIY,5,PTG
Mvasini,MAI,1,ELS
Mvenyane,CED,6,PSH
Mvenyane,TNZ,5,ELS
Mvezo,BXS,3,ELS
Mvimvane,LSK,4,ELS
Mvubini,ROD,6,PSH
Mvubukazi,UMZ,5,DUR
Mvulazi,HLB,4,EMG
Mvumane,TIN,7,PSH
Mvume Springs,NSL,6,PSH
Mvunyane,NTB,4,NCS
Mvusi,LAH,9,BFN
Mvutshini,RMG,1,PSH
Mvuzi,MFF,4,ELS
Mwaca,MTY,5,ELS
Mwangalala,FTR,4,ELS
Mwangwini,CFB,4,ELS
Mwawine,BBY,2,DUR
Mweli,NQK,4,ELS
Mxambule,MAI,1,ELS
Mxelwenkunzi,LSK,4,ELS
Mxhaka,NQK,4,ELS
Mxhelo,FBF,5,ELS
Mxhiki,DTF,5,CDO
Mxinweni,MFF,4,ELS
Mxotyelwa,HLC,5,PSH
My Darling,TOL,5,PTG
Myembe,RVS,5,DUR
Mynfontein,MFN,7,CDO
Myra,PUD,5,KIM
Mysieland,UZO,4,DUR
Mzali,MDT,4,ELS
Mzalwaneni,TNZ,5,ELS
Mzamo,BTV,1,ELS
Mzamomhle,IWE,6,ELS
Mzamonhle,GNB,2,ELS
Mzanomhle,BUP,7,BFN
Mzantsi,BRB,2,ELS
Mzantsi,BLE,5,ELS
Mzazi,EZI,4,ELS
Mzence,HLC,5,PSH
Mzikaba,HLC,5,PSH
Mzinti,TGW,4,NLP
Mzintlavana,LSK,4,ELS
Mzintshane,DBZ,3,ELS
Mzonyane,NOT,8,PSH
Mzumbe,LWL,5,DUR
Mzuzanto,QMB,3,ELS
Mzwakasi,TNZ,5,ELS
Naas,OZI,1,NCS
Naauwpoort,MOO,5,KPR
Naauwpoort,BVV,3,KPR
Nababeep,NBP,8,UTN
Nadi,PZB,3,DUR
Naganeng,SBW,4,WIR
Naidooville,SOG,3,DUR
Nakampe,HLR,4,PTG
Nalaneng,JFH,4,PTG
Naledi,BOC,3,PTG
Naledi,MDR,1,WIR
Naledi,MTA,2,PTG
Naledi,HSL,7,BFN
Namahadi,FFO,4,BEM
Namahadi Outlying,PJB,4,BEM
Namakazi,WAS,4,NCS
Namakgale,NAM,6,PTG
NAMIBIA OTHER,ONB,10,WDH
Namies,BLH,7,UTN
Nanaga,NCH,2,PLZ
Napier,NAP,5,CPT
Nariep,KTZ,8,VDR
Natala,ROD,6,PSH
Natures Valley,CRG,4,GRJ
Navar,ELT,5,ELS
Nayijele,KUM,9,BFN
Nayisifili,ELD,2,ELS
Nazareth,UMZ,5,DUR
Ncakubana,UMZ,5,DUR
Ncalukeni,NYK,4,ELS
Ncalukeni,QKO,3,ELS
Ncalukeni,QKO,3,ELS
Ncama,TNZ,5,ELS
Ncambedlana,NGG,2,ELS
Ncanaha,NCH,2,PLZ
Ncanaseni,MAI,1,ELS
Nceceni,NTB,4,NCS
Ncedane,NOT,8,PSH
Ncekane,ELD,2,ELS
Ncembu,KUM,9,BFN
Ncera,FTR,4,ELS
Ncera Epezulu,FTR,4,ELS
Ncerana,QOM,5,ELS
Ncerana,QOM,5,ELS
Nchana,ELD,2,ELS
Nchechane,MKW,2,PTG
Nciba,QBQ,4,ELS
Nciniba,ROD,6,PSH
Ncitshane,TSL,2,ELS
Ncitshweni,QMB,3,ELS
Ncityana,CRY,3,ELS
Ncizele,QOM,5,ELS
Ncobendlana,NGG,2,ELS
Ncolora,TSL,2,ELS
Ncome,MTF,5,ELS
Ncoti,QMB,3,ELS
Ncotshane,PGL,6,NCS
Ncukaba,CFB,4,ELS
Ncumbe,TNZ,5,ELS
Ncunteni,MFF,4,ELS
Ncwadi,DBK,4,DUR
Ncwaneng,GMP,7,KIM
Ndaba,ROC,5,DUR
Ndabakazi,EZI,4,ELS
Ndakana,MAI,1,ELS
Ndakeni,KTP,9,BFN
Ndakeni,MGH,4,PSH
Ndakeni,ROD,6,PSH
Ndaleni,RMD,3,DUR
Ndasana,LBD,2,ELS
Ndawana,CLD,6,DUR
Ndayeni,GVE,6,PSH
Ndayini,LSK,4,ELS
Ndayini,MGH,4,PSH
Ndela,BWH,4,ELS
Ndenxe,DTF,5,CDO
Ndenxe,TSO,5,ELS
Ndesi,BXS,3,ELS
Ndevana,BRB,2,ELS
Ndiki,NQK,4,ELS
Ndimakude,HLC,5,PSH
Ndimbaneni,LSK,4,ELS
Ndindani,NKO,5,PTG
Ndindima,FXT,1,EMG
Ndindimeni,BTV,1,ELS
Ndindindi,NQT,4,NCS
Ndindindi,POG,6,PSH
Ndindwa,KWA,4,ELS
Ndingeni,ELH,9,BFN
Ndlambe,CMM,4,ELS
Ndlandla,BGU,6,BFN
Ndlantaka,TNZ,5,ELS
Ndlelani,TML,4,NLP
Ndlovini,KEK,4,ELS
Ndlovura,MDT,4,ELS
Ndlunkulu,MAI,1,ELS
Ndlunkulu,NOB,5,ELS
N'Dofela,SKT,6,BFN
N'Dofela,SKT,6,BFN
Ndokwane,NBE,2,ELS
Ndonga,KEK,4,ELS
Ndonyane,HHR,4,DUR
Ndouvhada,TSP,5,PTG
Ndugunyeni,CFB,4,ELS
Nduka,ENG,4,ELS
Nduku,NQB,6,ELS
Nduku,CIO,4,ELS
Ndulini,GAR,5,ELS
Ndumangeni,QQD,6,ELS
Ndumangeni,SSH,4,ELS
Ndumndum,BNY,5,PSH
Ndumndum,LUF,9,BFN
Ndumo,ING,7,EMG
Ndundulu,NDD,2,EMG
Ndungunya,LDN,7,BFN
Ndungunyeni,FLG,5,ELS
Ndungunyeni,TSL,2,ELS
Ndunguyeni,SKT,6,BFN
Ndungwana,CRY,3,ELS
Ndungwana,STM,5,ELS
Nduveni,MUP,4,ELS
Ndwana,TNZ,5,ELS
Ndwane,QMB,3,ELS
Ndwedwe,OTM,4,DUR
Ndyavu,LUF,9,BFN
Ndzaka,HLC,5,PSH
Ndzongiseni,MTY,5,ELS
Ndzongiseni,MTY,5,ELS
Neilersdrif,NEL,2,UTN
Nelspoort,RSV,7,GRJ
NELSPOORT,NSP,7,GRJ
Nelspruit,NLP,1,NLP
Nenga,CFB,4,ELS
New Amalfi,NML,6,PSH
New England,NEN,8,BFN
New Forest,THU,4,NLP
New Forest A,THU,4,NLP
New Germany,PIN,1,DUR
New Guelderland,SAE,3,DUR
New Hanover,WBG,3,DUR
New Hawstead,SAD,5,ELS
New Hope,CHM,2,ELS
New Largo,KEN,2,WIR
New Machavie,NCV,2,KPR
New Nkosana,MAF,6,PSH
New Park,BWY,5,RTR
New Pieterburg,PTG,1,PTG
New Rest,CAA,5,ELS
New Scotland,DNA,6,WIR
New Sunnyside,MSB,2,GRJ
Newark,NRK,4,DUR
Newcastle,NCS,1,NCS
Newington,TML,4,NLP
Newlands,KHU,1,DUR
Newstands,LEH,6,PSH
Newsted,QMB,3,ELS
Newtondale,FAL,5,PLZ
Newtown,MDT,4,ELS
Ngabeni,NGB,4,PSH
Ngadla,QRM,5,ELS
Ngagane,MDD,1,NCS
Ng'ala,STM,5,ELS
Ngalavhani,MAT,6,PTG
Ngaphezulu,CVB,5,ELS
Ngasa,NTS,4,ELS
Ngcabasa,LEK,4,ELS
Ngcabela,TNZ,5,ELS
Ngcaca,NCO,5,ELS
Ngcalambeni,ALD,3,ELS
Ngcamgeni,DBZ,3,ELS
Ngcamngeni,DBZ,3,ELS
Ngcamngeni,SAD,5,ELS
Ngcanda,NSL,6,PSH
Ngcele,NTW,9,BFN
Ngcendese,BYI,2,ELS
Ngcenduna,OLM,3,ELS
Ngcepeni,MFF,4,ELS
Ngceza,GAR,5,ELS
Ngceza,GAR,5,ELS
Ngcinase,ELD,2,ELS
Ngcobaneni,HZY,2,NLP
Ngcobo,ENG,4,ELS
Ngcolora,TSL,2,ELS
Ngcolosa,BXS,3,ELS
Ngcolosi,PIN,1,DUR
Ngcongco,OLB,7,PSH
Ngcongcolora,BWH,4,ELS
Ngcoya,NSL,6,PSH
Ngcozana,MFF,4,ELS
Ngcwabeni,LAN,3,ELS
Ngcwala,MAI,1,ELS
Ngcwanguba,OLM,3,ELS
Ngcweleni,FLG,5,ELS
Ngele,KTP,9,BFN
Ngele,MDT,4,ELS
Ngena,KYL,3,GRJ
Ngenga,BWH,4,ELS
Ngezana,OLM,3,ELS
Nghomunghomu,MLM,6,PTG
Ngidini,MTM,1,ELS
Nginga,BTV,1,ELS
Ngingqini,KWA,4,ELS
Ngingqini,QRM,5,ELS
Ngobi,MBU,4,RTR
Ngobozana,KEK,4,ELS
Ngobozana,LSK,4,ELS
Ngobozini,EZI,4,ELS
Ngodini,WHI,2,NLP
Ngodwana,NGW,2,NLP
Ngojini,GAO,8,BFN
Ngojini,NOB,5,ELS
Ngojini,OLB,7,PSH
Ngolilwe,TIN,7,PSH
Ngolotshe,HLB,4,EMG
Ngoma,NQB,6,ELS
Ngoma,NYK,4,ELS
Ngoneni,HBK,4,NLP
Ngongxo,STM,5,ELS
Ngonjaneni,TIN,7,PSH
Ngonjini,MFF,4,ELS
Ngonyama,NCO,5,ELS
Ngonyama,QQD,6,ELS
Ngonyameni,MFF,4,ELS
Ngonyameni,NGG,2,ELS
Ngonyameni,QMB,3,ELS
Ngonyameni,ROD,6,PSH
Ngoswane,NBE,2,ELS
Ngovhela,THO,5,PTG
Ngozana,EZI,4,ELS
Ngqabavana,MFF,4,ELS
Ngqakayi,ALD,3,ELS
Ngqakeni,EZI,4,ELS
Ngqamatye,NSL,6,PSH
Ngqanda,QBQ,4,ELS
Ngqanda,SSH,4,ELS
Ngqandulo,FLG,5,ELS
Ngqane,MTY,5,ELS
Ngqangqaka,EBE,4,ELS
Ngqantsingana,CIO,4,ELS
Ngqaqeni,NYK,4,ELS
Ngqayi,KTP,9,BFN
Ngqayi,NOB,5,ELS
Ngqeleni,ELD,2,ELS
Ngqeleni,NGG,2,ELS
Ngqeqe,KEK,4,ELS
Ngqilumba,RHM,4,ELS
Ngqinisa,HMB,2,ELS
Ngqoko,LAF,6,ELS
Ngqokweni,RMD,3,DUR
Ngqolongwane,KTI,4,ELS
Ngqolosa,CVB,5,ELS
Ngqolowa,KWA,4,ELS
Ngqolowa,KWA,4,ELS
Ngqongo,QMB,3,ELS
Ngqongweni,OLB,7,PSH
Ngqubane,BTV,1,ELS
Ngqubusini,QMB,3,ELS
Ngqumane,MAI,1,ELS
Ngqumani,OLB,7,PSH
Ngqumela,NQK,4,ELS
Ngqundeela,KEK,4,ELS
Ngqunge,BYI,2,ELS
Ngqunge,BYI,2,ELS
Ngqungqu,NGQ,2,ELS
Ngqungqulu,PIN,1,DUR
Ngquru,CRY,3,ELS
Ngquto,EBE,4,ELS
Ngqutura,NTS,4,ELS
Ngqwabeni,FLG,5,ELS
Ngqwaneni,HAD,9,BFN
Ngqwangi,MTM,1,ELS
Ngqwara,MNB,5,ELS
Ngqwaru,NCO,5,ELS
Ngqwasnu,MTY,5,ELS
Ngqweqweni,NSL,6,PSH
Ngubela,CKP,7,DUR
Ngubeni,RMD,3,DUR
Ngubevu,KTD,5,DUR
Ngucini,FLG,5,ELS
Ngudle,KEK,4,ELS
Ngudza,SIB,5,PTG
Ngukwe,RVS,5,DUR
Ngumogum,ELD,2,ELS
Ngundani,MFF,4,ELS
Ngunduza,MNB,5,ELS
Ngunduza,QBQ,4,ELS
Nguse,UMZ,5,DUR
Ngwakunqwaku,NGG,2,ELS
Ngwalala,TNZ,5,ELS
Ngwalemong,MTT,4,WIR
Ngwanallela,BTK,4,PTG
Ngwanamago,RIK,2,PTG
Ngwane,NQB,6,ELS
Ngwangwane,HGB,4,ELS
Ngwangwane,NBE,2,ELS
Ngwaritsi,MLT,5,WIR
Ngwathe,EDV,4,BEM
Ngweding,SWK,4,RTR
Ngwegweni,MTY,5,ELS
Ngwekazana,ROD,6,PSH
Ngwelezana,EMG,1,EMG
Ngwemnyama,QMB,3,ELS
Ngwemnyama,QMB,3,ELS
Ngwenani,SIB,5,PTG
Ngwenani,SIB,5,PTG
Ngwenwane,LEH,6,PSH
Ngwenya,KWA,4,ELS
Ngwenyeni,TGW,4,NLP
Ngwenyeni,TGW,4,NLP
Ngwenyeni,OLM,3,ELS
Ngwetsheni,MFF,4,ELS
Ngwevana,UTT,1,ELS
Ngxabangu,NCO,5,ELS
Ngxabani,LAF,6,ELS
Ngxakaxha,BEL,3,ELS
Ngxakolo,QMB,3,ELS
Ngxanga,MTM,1,ELS
Ngxangxasini,QMB,3,ELS
Ngxaza,NTW,9,BFN
Ngxeko,CGL,3,ELS
Ngxhalawe,KEK,4,ELS
Ngxingwa,BRV,8,BFN
Ngxingweni,SKT,6,BFN
Ngxingxolo,QKO,3,ELS
Ngxobotshane,TNZ,5,ELS
Ngxokweni,LBD,2,ELS
Ngxondoreni,MDT,4,ELS
Ngxotwana,NTW,9,BFN
Ngxubevange,UTT,1,ELS
Ngxutyana,MNB,5,ELS
Ngxwalane,KWT,3,ELS
Nhlaba,HBK,4,NLP
Nhlabamkhozi,MNI,4,NCS
Nhlabamkosi,BUW,4,DUR
Nhlalwane,STF,3,PSH
Nhlangwini,STF,3,PSH
Nhlazatshe,NLZ,4,EMG
NHLONGANO,NNO,4,MBE
Niekerkshoop,NKK,6,UTN
Nietverdiend,NVD,5,RTR
Nieu-Bethesda,NBT,4,CDO
Nieujaarsfontein,SNW,5,DUR
Nieuw England,HMG,4,PTG
Nieuwoudtville,NWV,7,VDR
Nigel,NLR,3,JNB
Nigramoep,NIG,9,UTN
Niks,KAM,6,KIM
Niyona,LAH,9,BFN
Njaboya,KTP,9,BFN
Njekeni,NTS,4,ELS
Njela,NSL,6,PSH
Njijini,MFF,4,ELS
Njikalala,LSK,4,ELS
Njingini,KTI,4,ELS
Njiveni,OLB,7,PSH
Njombela,ASK,8,BFN
Njombela,HLC,5,PSH
Njonjela,TML,4,NLP
Njozeni,BTV,1,ELS
Nkadi,LEH,6,PSH
Nkadimeng,MTT,4,WIR
Nkajaneng,EWB,7,KIM
Nkalana,TSO,5,ELS
Nkalweni,EZI,4,ELS
Nkalweni,KUM,9,BFN
Nkalweni,MTL,6,PSH
Nkamasana,TSL,2,ELS
Nkambako,NKB,4,PTG
Nkambeni,HZY,2,NLP
Nkanda,BDR,4,NCS
Nkandla,NKA,4,EMG
Nkanga,LBD,2,ELS
Nkanga,NYK,4,ELS
Nkangala,KTP,9,BFN
Nkangeni,NSL,6,PSH
Nkanini,MFF,4,ELS
Nkanje,MTY,5,ELS
Nkankane,OLM,3,ELS
Nkanti,LSK,4,ELS
Nkantini,OLM,3,ELS
Nkantolo,NGB,4,PSH
Nkantswini,MGH,4,PSH
Nkanya,HOB,4,ELS
Nkanyezini,WBG,3,DUR
Nkapha,BSI,4,PSH
Nkawukazi,QRM,5,ELS
Nkawulweni,CED,6,PSH
Nkelekete,CIO,4,ELS
Nkelekete,CIO,4,ELS
Nkgodi,PHK,4,PTG
Nkgori,GSB,4,PTG
Nkhabang,MKG,5,KIM
Nkobongo,LAH,9,BFN
Nkobonkobo,ALC,4,ELS
Nkodusani,ELD,2,ELS
Nkogolwe,DWG,4,RTR
Nkohlonbeni,NGG,2,ELS
Nkololwane,BXS,3,ELS
Nkolweni,MYU,3,ELS
Nkomeni,RVS,5,DUR
Nkomfa,NCO,5,ELS
Nkomfeni,CVB,5,ELS
Nkondlo,CGL,3,ELS
Nkondlo B,CGL,3,ELS
Nkoneni,STF,3,PSH
Nkongolwane,HBN,4,NCS
Nkonjane,FXT,1,EMG
Nkonjane,NQB,6,ELS
Nkonjeni,NON,4,EMG
Nkonkoni,LBD,2,ELS
Nkonkwane,NYK,4,ELS
Nkonkxeni,TSO,5,ELS
Nkopane,HSL,7,BFN
Nkosana,MAF,6,PSH
Nkosini,HLO,5,WIR
Nkosiyane,DBZ,3,ELS
Nkothaneni,BMA,2,PSH
Nkowakowa,LTA,4,PTG
Nkozo,FLG,5,ELS
Nkqayi,BLE,5,ELS
Nkqonkqweni,BIS,3,ELS
Nkululeko,BYE,8,BFN
Nkumandeni,NGG,2,ELS
Nkungwini,ENG,4,ELS
Nkungwini,MFF,4,ELS
Nkungwini,MFF,4,ELS
Nkungwini,MTL,6,PSH
Nkungwini,MTL,6,PSH
Nkunqwini,NTW,9,BFN
Nkunzaneni,NDD,2,EMG
Nkunzimbini,LSK,4,ELS
Nkupelweni,KNP,7,PSH
Nkupulweni,MAF,6,PSH
Nkwaceni,MTY,5,ELS
Nkwalini,NGQ,2,ELS
Nkwalini,NDD,2,EMG
Nkwane,MFF,4,ELS
Nkwankca,DTF,5,CDO
Nkwayi,CVB,5,ELS
Nkwazela,BUW,4,DUR
Nkwazini,ROD,6,PSH
Nkwenkwana,CRY,3,ELS
Nkwenkwezi,PAF,5,PLZ
Nkwilini,NSL,6,PSH
No-Andile,NOB,5,ELS
Nobantu,MTM,1,ELS
Nobokwe,NOB,5,ELS
Nobumba,PDD,5,PLZ
Nocuse,NOT,8,PSH
Nocwane,NQB,6,ELS
Nodushe,OLB,7,PSH
Noduva,NSL,6,PSH
Noenieput,SWM,6,UTN
Noetzie,KYL,3,GRJ
Noga's Post,TCR,3,BFN
Nogaya,QMB,3,ELS
Nokaneng,RDW,4,JNB
Nokayamatlala,MTA,2,PTG
Noll,NOL,3,GRJ
Nolukhanyo,BUS,4,PLZ
Nomadolo,OLM,3,ELS
Nomaheya,NQK,4,ELS
Nomanranjana,SNW,5,DUR
Nomanyano,LDN,7,BFN
Nomathamsanqa,ADO,2,PLZ
Nombane,MGH,4,PSH
Nombewu,UMZ,5,DUR
Nombodlelana,TSL,2,ELS
Nomcama,OLM,3,ELS
Nomcamba,NOT,8,PSH
Nomeva,BTD,4,PSH
Nomfihlela,HAE,2,DUR
Nomgwadla,DBZ,3,ELS
Nomhala,NTW,9,BFN
Nomlacu,BZN,3,PSH
Nomonde,MOQ,8,BFN
Nomzamo,STD,1,CPT
Nonceba,DWG,4,RTR
Nondobo,NQB,6,ELS
Nondweni,MUL,5,PTG
Nondweni,NQT,4,NCS
Nong,MGL,4,PTG
Nongidi,UMZ,5,DUR
Nonginzi,NSL,6,PSH
Nongoma,NON,4,EMG
Nonguxa,DBK,4,DUR
Nonkobe,BTV,1,ELS
Nonona,BTK,4,PTG
Nonqoboqobana,CVB,5,ELS
Nontsana,QOM,5,ELS
Nontz,BLA,4,PTG
Nonyembezi,QBQ,4,ELS
Nonzwakazi,DER,7,KIM
Nooitgedacht,BBP,5,KPR
Nooitgedacht,MOO,5,KPR
Nooitgedacht,BRD,5,NLP
Nooitgedacht,HLR,4,PTG
Nooitgedacht,SOM,2,PTG
Noordhoek,STX,1,CPT
Noordkaap,NDK,2,NLP
Noordkuil,NOK,3,VDR
Nopoto,MYU,3,ELS
Noqhekwane,PSJ,3,ELS
NORMANDIEN,NMD,2,NCS
Norokie,MBP,3,JNB
Northam,NRR,3,RTR
Northampton,HLR,4,PTG
Northdene,CAR,4,JNB
Norvalspont,NVT,6,BFN
Nossob,ANS,8,UTN
Notanda,TSK,6,ELS
Notenga,KEK,4,ELS
Notintsila,NOT,8,PSH
Nottingham Road,RTT,4,DUR
Nouga,TOW,5,CPT
Noupoort,NUP,4,CDO
Novunula,MUT,2,EMG
Noxova,OLB,7,PSH
Nozala,QQD,6,ELS
Nozityana,QMB,3,ELS
Nozizwe,VSS,6,BFN
Nqabane,BXS,3,ELS
Nqabara,NQB,6,ELS
Nqabeni,NQI,2,PSH
Nqabeni,BON,4,PSH
Nqadu,EBE,4,ELS
Nqadu Great Place,EBE,4,ELS
Nqakanqa,CFB,4,ELS
Nqalo,TNZ,5,ELS
Nqalweni,MFF,4,ELS
Nqamakwe,NQK,4,ELS
Nqancule,BLE,5,ELS
Nqancule,KUM,9,BFN
Nqantosi,KWT,3,ELS
Nqaqumbe,LSK,4,ELS
Nqcotyeni,BYI,2,ELS
Nqencu,BXS,3,ELS
Nqentsu,CFB,4,ELS
Nqeza,NQB,6,ELS
Nqezo,LSK,4,ELS
Nqgwala,MAI,1,ELS
nQileni,EZI,4,ELS
Nqineni,GAO,8,BFN
Nqingqini,NCO,5,ELS
Nqiningana,BOA,6,ELS
Nqoki,TNZ,5,ELS
Nqoleni,NDD,2,EMG
Nqolonqolo,KEK,4,ELS
Nqolosa,CVB,5,ELS
Nqoma,LAH,9,BFN
Nqonqweni,BLN,2,ELS
Nqonqweni,FJN,2,ELS
Nqonyama,QQD,6,ELS
Nquba,OLB,7,PSH
Nqulwane,MHB,4,EMG
Nqumane,CED,6,PSH
Nquntsi,DBZ,3,ELS
Nququ,LUF,9,BFN
Nqusi,KTI,4,ELS
Nqutshini,FXT,1,EMG
Nqutu,NQT,4,NCS
Nqutu,FDD,4,PSH
Nqutyana,NOT,8,PSH
Nqwebebeni,ASK,8,BFN
Nqwelombaso,BZN,3,PSH
Nqxangxasini,QMB,3,ELS
Nseleni,MPO,2,EMG
Nsikazi,KNM,2,NLP
Nsimbhi,MLM,6,PTG
Nsingabantu,QUD,6,DUR
Nsonono,OTM,4,DUR
Nstabayani,BZN,3,PSH
Nsuze,FNS,3,DUR
Ntaba,HHR,4,DUR
Ntababomvu,MUD,5,DUR
Ntababusuku,QMB,3,ELS
Ntabakucasha,STF,3,PSH
Ntabamhlope,NBH,5,DUR
Ntabangcuka,NOT,8,PSH
Ntabangema,IXO,4,DUR
Ntabantsimbi,LBD,2,ELS
Ntabebomvu,MNI,4,NCS
Ntabebomvu,NTB,4,NCS
Ntabelanga,BWP,4,CDO
Ntabelanga,TIN,7,PSH
Ntabelanga,TSL,2,ELS
Ntabeliza,NBE,2,ELS
Ntabende,IWE,6,ELS
Ntabengatshi,LSK,4,ELS
Ntabeni,CRY,3,ELS
Ntabeni,CVB,5,ELS
Ntabeni,ELD,2,ELS
Ntabeni,ROD,6,PSH
Ntabezulu,IMI,4,PSH
nTabitsolo,KGA,4,ELS
Ntaboduli,KTP,9,BFN
Ntafufu,GVE,6,PSH
Ntaka,UTT,1,ELS
Ntakeni,KEK,4,ELS
Ntakwendlela,BTV,1,ELS
Ntambanana,EMG,1,EMG
Ntapha,HHR,4,DUR
Ntatweni,NOT,8,PSH
Ntatyaneni,HAD,9,BFN
Ntatyaneni,KTP,9,BFN
Ntatyaneni,TIN,7,PSH
Ntatyaneni Ephakathi,HAD,9,BFN
Ntelelengwane,LAN,3,ELS
Ntembeni,PZB,3,DUR
Ntengisani,NYK,4,ELS
Ntha,LNR,2,BEM
Nthlangwini,NSL,6,PSH
Ntibane,NBE,2,ELS
Ntibane,NOT,8,PSH
Ntibane,ROD,6,PSH
Ntile,GVE,6,PSH
Ntili,UTT,1,ELS
Ntilini,BTV,1,ELS
Ntilini,BXS,3,ELS
Ntilini,NSL,6,PSH
Ntingwe,DLL,5,EMG
Ntinini,BBN,4,EMG
Ntlabane,EBE,4,ELS
Ntlabeni,MFF,4,ELS
Ntlakwe,BZN,3,PSH
Ntlakwefolo,STM,5,ELS
Ntlakwendlela,ENG,4,ELS
Ntlakwevenkile,NOB,5,ELS
Ntlalo-Ntle,ASK,8,BFN
Ntlalwini,BEL,3,ELS
Ntlambashe,TNZ,5,ELS
Ntlamvukazi,MGH,4,PSH
Ntlangano,HOB,4,ELS
Ntlangwini,BTD,4,PSH
Ntlanjeni,CFB,4,ELS
Ntlanjeni,NSL,6,PSH
Ntlanjeni,OLM,3,ELS
Ntlanzi,LSK,4,ELS
Ntlanzini,QRM,5,ELS
Ntlavini,MTY,5,ELS
Ntlavukazi,EMB,6,PSH
Ntlaza Mission,LBD,2,ELS
Ntlekiseni,BYI,2,ELS
Ntlenzi,MGH,4,PSH
Ntlenzi,TSL,2,ELS
Ntlhaveni,MLM,6,PTG
Ntlhaveni B,MLM,6,PTG
Ntloko,PDD,5,PLZ
Ntlolane,MTA,2,PTG
Ntlonyana,FLG,5,ELS
Ntlonyane,ALD,3,ELS
Ntlozelo,IMI,4,PSH
Ntlukuhla,NBE,2,ELS
Ntola,BNY,5,PSH
Ntola,MGH,4,PSH
Ntonga,CRY,3,ELS
Ntonga,DBZ,3,ELS
Ntongwana,LSK,4,ELS
Ntontela,LSK,4,ELS
Ntotoviyane,EBE,4,ELS
Ntozini,GAR,5,ELS
Ntsaha,BTV,1,ELS
Ntsaka,BTV,1,ELS
Ntsana-Le-Metsing,MDW,4,RTR
Ntsangwe,FDD,4,PSH
Ntseleni,CRY,3,ELS
Ntshamanzi,ROD,6,PSH
Ntshanga,BOA,6,ELS
Ntshangase,HOB,4,ELS
Ntshantsha,TNZ,5,ELS
Ntshelang,LGH,7,KPR
Ntshele,UTT,1,ELS
Ntsheleni,QMB,3,ELS
Ntsheleni,ROD,6,PSH
Ntshigo,TSL,2,ELS
Ntshilini,CFB,4,ELS
Ntshingeni,IDY,4,ELS
Ntshinindeni,QQD,6,ELS
Ntshinini,RDC,4,DUR
Ntshintshi,CVB,5,ELS
Ntshongeni,TSO,5,ELS
Ntshongweni,HAE,2,DUR
Ntshongweni,NTW,9,BFN
Ntsikizini,DBZ,3,ELS
Ntsimangweni,ROD,6,PSH
Ntsimba,CRY,3,ELS
Ntsimba,CRY,3,ELS
Ntsimbakazi,RHM,4,ELS
Ntsimbini,LSK,4,ELS
Ntsimbini,NGB,4,PSH
Ntsimbini,NOT,8,PSH
Ntsimbini,NSL,6,PSH
Ntsimbini,RHM,4,ELS
Ntsinga,GAO,8,BFN
Ntsingizi,BZN,3,PSH
Ntsintsing,GLL,3,PTG
Ntsitshana,OLM,3,ELS
Ntsizwa,MTY,5,ELS
Ntsonyini,NSL,6,PSH
Ntsukandihlale,QMB,3,ELS
Ntsulwandayo,QMB,3,ELS
Ntsume,TSO,5,ELS
Ntsundwane,NOT,8,PSH
Ntswelengwe,MBS,6,KIM
Ntsweletsoku,LHR,5,RTR
Ntubeni,LDN,7,BFN
Ntubeni,NQB,6,ELS
Ntuku,TIN,7,PSH
Ntunda,TGW,4,NLP
Ntunjambili,KZK,5,DUR
Ntuthunga,KMB,2,EMG
Ntuthunga,KMB,2,EMG
Ntuzuma,KHU,1,DUR
Ntwane,DNN,4,WIR
Ntwasha,NQK,4,ELS
Ntwashini,CRY,3,ELS
Ntwashini,LAN,3,ELS
Ntwenka,MFF,4,ELS
Ntywenka,NTW,9,BFN
Ntywili,NQK,4,ELS
Numbi,HZY,2,NLP
Numbi Gate,HZY,2,NLP
Numbipark,HZY,2,NLP
Nurney Hill,PDD,5,PLZ
Nutfield,NUF,5,JNB
Nuwejaarsrivier,KRW,5,PLZ
Nuwerus,LDP,7,VDR
Nuy,NUY,4,CPT
Nwalwi,LEV,5,PTG
Nxamagele,NTS,4,ELS
Nxaruni,FJN,2,ELS
Nxelesa,NCO,5,ELS
nXoboyi,EZI,4,ELS
Nxopo,DBZ,3,ELS
Nxorharha,KTI,4,ELS
Nxotshana,TIN,7,PSH
Nxotshane,TIN,7,PSH
Nxotsheni,LBD,2,ELS
Nxotwa,NYK,4,ELS
Nxukhwebe,LBD,2,ELS
Nxutyana,MNB,5,ELS
Nxuze,FLG,5,ELS
Nyabeni,TNZ,5,ELS
Nyaka,RVS,5,DUR
Nyakelani,NKB,4,PTG
Nyala Magnesium Mine,MAT,6,PTG
Nyalasa,LUF,9,BFN
Nyalasa,NCO,5,ELS
Nyalingeni,NGQ,2,ELS
Nyamankulu,LUF,9,BFN
Nyamazaneni,KNM,2,NLP
Nyandeni,MTM,1,ELS
Nyandeni,UTT,1,ELS
Nyanga,MCP,1,CPT
Nyanga,ENG,4,ELS
Nyangweni,CFB,4,ELS
Nyangwini,HBD,2,PSH
Nyaniso,KNP,7,PSH
Nyaniso,KNP,7,PSH
Nyanisweni,UMZ,5,DUR
Nyanisweni,TSO,5,ELS
Nyanyadu,HSP,2,NCS
Nyanzela,MFF,4,ELS
Nyara,QKO,3,ELS
Nyareni,LSK,4,ELS
Nyareni,MFF,4,ELS
Nyathi,LSK,4,ELS
Nyazi,GVE,6,PSH
Nyegqili,MFF,4,ELS
Nyesini,ROD,6,PSH
Nyeweni,ROD,6,PSH
Nyezane,GIN,2,EMG
Nyibeni,BYI,2,ELS
Nyidlana,BLE,5,ELS
Nyidlana,NQK,4,ELS
Nyili,EZI,4,ELS
Nyingwashe,BLE,5,ELS
Nyiweni,ROD,6,PSH
Nyokana,NYK,4,ELS
Nyokweni,NGB,4,PSH
Nyongane,HZY,2,NLP
Nyongwana,ASK,8,BFN
Nyoni,NYN,3,EMG
Nyosana,LSK,4,ELS
Nyosini,ROD,6,PSH
Nyulula,TSO,5,ELS
Nyumada,KTI,4,ELS
Nyumage,KTI,4,ELS
Nyuswa,FNS,3,DUR
Nyutura,KTI,4,ELS
Nywara,MYU,3,ELS
Nzalabantu,MNS,2,EMG
Nzanzane,KTI,4,ELS
Nzimankulu,FLG,5,ELS
Nzinga,LWL,5,DUR
Nzombane,SNW,5,DUR
Nzondeni,GVE,6,PSH
Nzondeni,LBD,2,ELS
Oaklands,BWY,5,RTR
Oakley,MRI,3,NLP
Oathay,STM,5,ELS
Oatlands,OTS,6,CDO
Obakeng,DWG,4,RTR
Obanjeni,MZI,2,EMG
Oberholzer,OZR,4,JNB
Obobogorop,ARI,5,UTN
Odeke,DSA,2,PSH
Odendaalsrus,ODO,5,BFN
Odishweni,NON,4,EMG
Odlameni,WBG,3,DUR
Ogade,BRG,5,NCS
Ogies,KEN,2,WIR
Ohoboshana,IWE,6,ELS
Ohrigstad,BRD,5,NLP
OKAHANDJA,OJA,3,WDH
Okhombe,CKP,7,DUR
Okiep,OKP,8,UTN
Okkerneutboom,ACH,4,NLP
Old Bunting,OLB,7,PSH
Old Morley,OLM,3,ELS
Old Thomas River,SSH,4,ELS
Olifants Rest Camp,PHW,7,PTG
Olifantsdrif,WPT,5,PTG
Olifantshoek,OFH,7,KIM
Olifantshoek,MAM,4,PTG
Olifantsnek,RTR,1,RTR
Olivia,BRG,5,NCS
Oliviershoek,BRG,5,NCS
Olverton,RAD,4,JNB
Olympus,MTA,2,PTG
OMARURU,ORU,6,WDH
Omdraaisvlei,ODV,7,KIM
ONDANGWA,OND,10,WDH
Onderpoort,IWE,6,ELS
Onderstedorings,ODD,6,UTN
One Tree Hill,KAL,3,NLP
One-And-Ten,PVR,3,JNB
Ongegund,RWR,4,VDR
Ongers,SOD,7,KIM
Onrus,ONR,4,CPT
Onseepkans,PEL,6,UTN
Onseepkans Sendingstasie,PEL,6,UTN
Onverwacht,ELL,6,PTG
Onverwag,PEG,6,NLP
Ooghoek,LCT,5,PTG
Oorkruis,KNB,3,UTN
Oostermoed,OSM,4,RTR
Op die Berg,BKF,5,CPT
OPHONDWENI,OPD,6,EMG
Oppermans,ROP,4,KIM
Opraap,BSG,1,KPR
Opuzane,PPB,4,NCS
Orange Farm,SBK,3,JNB
Orania,ORN,5,KIM
Oranjedal,BCE,5,NCS
Oranjefontein,ORF,6,PTG
ORANJEMUND,OMD,10,WDH
Oranjerivier,ORR,4,KIM
Oranjevallei,LSV,1,UTN
Oranjeville,ORV,5,JNB
ORAPA,ORP,1,GBE
Orient Hills,MGS,2,RTR
Orinoco,BOS,4,NLP
Orkney,OKY,1,KPR
Orpen Rest Camp,TML,4,NLP
Osborn,OSB,4,EMG
OSHAKATI,OTI,10,WDH
Oshamba,UZO,4,DUR
Osizweni,OZI,1,NCS
Oslo Beach,PSH,1,PSH
OTAVI,OVI,8,WDH
Othandweni,SAL,5,EMG
Otimati,OTM,4,DUR
OTJIWARONGO,OGO,7,WDH
Otterburn,PDD,5,PLZ
Otterburn,SAD,5,ELS
Otto's Bluff,PZB,3,DUR
Ottosdal,OTD,3,KPR
Ottoshoop,OTT,5,RTR
Oubosstrand,WTS,5,PLZ
Oudtshoorn,OUH,3,GRJ
Oukraal,RTP,4,CPT
Ouplaas,ROR,5,CPT
Ouplaas,SKK,6,CPT
Oupos,RUS,4,CPT
Outeniqua,CHQ,5,PLZ
Outeniqua Strand,SKB,1,GRJ
OUTJO,OJO,8,WDH
Outspan,LEH,6,PSH
Oviston,VSS,6,BFN
Owendale,OWD,5,KIM
Oyster Bay,OYB,4,PLZ
Oyzana,MFF,4,ELS
Ozwatini,FNS,3,DUR
Paardefontein,JSV,5,PLZ
Paarl,PAA,2,CPT
Paballong,KNP,7,PSH
Pacaltsdorp,PDP,1,GRJ
Paddock,PDK,1,PSH
Pafuri,TKN,6,PTG
Pagel,CFB,4,ELS
Pagsdraai,BLB,5,RTR
Palala,PAL,4,PTG
PALAPYE,PYE,7,GBE
Paleisheuwel,HKS,4,VDR
Palingpan,LHA,6,UTN
Palm Beach,BMA,2,PSH
Palmer,KWG,4,WIR
Palmerton,LSK,4,ELS
Palmerton Mission,LSK,4,ELS
Palmietfontein,SKT,6,BFN
Palmietfontein,BSG,1,KPR
Palmietfontein,PMF,9,BFN
Palmloop,NAM,6,PTG
Pamalitoli,LSK,4,ELS
Pamlaville,NML,6,PSH
Pampierstad,LMJ,4,KIM
Pampoenpoort,PPP,8,CDO
Panabokwe,ASK,8,BFN
Panatyiph,LUF,9,BFN
Panatyipu,CVB,5,ELS
Panbult,PBT,5,NCS
Panfontein,VER,4,JNB
Panmure,FJN,2,ELS
Pansdrif,PAD,3,JNB
Papasini,TSO,5,ELS
Papegaai,TOL,5,PTG
Papendorp,PRP,5,VDR
Papiesvlei,PPV,5,CPT
Papkuil,PAK,4,KIM
Paradise,PDD,5,PLZ
Paradise,LID,5,CDO
Paradise,VRU,6,KPR
Paradys,SLS,3,BFN
Park Rynie,PKR,3,DUR
Parow,PRW,1,CPT
Parys,PYR,4,KPR
Patantswane,GLC,4,PTG
Patensie,PTI,4,PLZ
Paternoster,VDR,1,VDR
Paterson,PTS,2,PLZ
Patriotsfontein,FCR,4,JNB
Patula,DBK,4,DUR
Paul Roux,PLR,2,BEM
Paulpietersburg,PPB,4,NCS
Paulshoek,KBG,8,VDR
Pax Intrantibus,DGR,5,PTG
Peace Town,BZT,4,NCS
Pearly Beach,BAA,5,CPT
Pearston,PEA,3,PLZ
Peddie,PDD,5,PLZ
Peelton,BRS,3,ELS
Pefferskop,HGB,4,ELS
Pehong,MAF,6,PSH
Pelandaba,GAO,8,BFN
Pelandaba,LDN,7,BFN
Pelindaba,HBP,2,JNB
Pella,ALS,2,CPT
Pella,PEL,6,UTN
Pella,GMO,4,RTR
Pelonomi,SIF,1,KPR
Pembroke,GNY,8,KPR
Pen Hoek,LDN,7,BFN
Penge,PEG,6,NLP
Penhalonga,IXO,4,DUR
Peninghotsa,MLM,6,PTG
Pennington,UZO,4,DUR
Penryn,LKG,8,UTN
Perdefontein,BVN,7,CPT
Perdekop,PEK,3,NCS
Perhamdown,IWE,6,ELS
Perskebult,PTG,1,PTG
Perth,LKG,8,UTN
Pesheya,TSK,6,ELS
Pesheya-Kwe-Nqoko,CVB,5,ELS
Pesikeni,NOB,5,ELS
Peter's Farm,KEK,4,ELS
Petersburg,BRK,4,CDO
Petrus Steyn,PSS,3,BEM
Petrusburg,PSG,3,KIM
Petrusville,PSV,5,KIM
Petsana,RTZ,2,BEM
Petseng,JFH,4,PTG
Pevensey,HMV,5,DUR
Pevensey Place,HMV,5,DUR
Pewuleni,KWA,4,ELS
Pfananani,EMH,4,PTG
Pfumbadla,DZN,5,PTG
Phagameng,NSR,5,JNB
Phageng,JFH,4,PTG
Phageng,JFH,4,PTG
Phahameng,BTN,4,BFN
Phakamisa,BRB,2,ELS
Phakane,MBS,6,KIM
Phake Thabeng,RDW,4,JNB
Phalaborwa,PHW,7,PTG
Phalakubeni,NKO,5,PTG
Phangindela,MAI,1,ELS
Phaposane,GNY,8,KPR
Pharare,OFL,5,PTG
Phasha,WHI,2,NLP
Phaswane,KLT,5,PTG
Phatametsane,PHK,4,PTG
Phatsane,MOK,4,PTG
Phatsima,SUN,2,RTR
Phaweni,MLM,6,PTG
Phelandaba,LUF,9,BFN
Phelendavha,EMH,4,PTG
Phepheni,BON,4,PSH
Phese-Kwediphu,KTI,4,ELS
Phesha,BXS,3,ELS
Phetole,MTA,2,PTG
Phetwana,MGY,4,PTG
Phezu Kweghibi,QBQ,4,ELS
Phezulu,EBE,4,ELS
Phikwa,ROD,6,PSH
Philadelphia,KBA,2,CPT
Philandersbron,SWM,6,UTN
Philippolis,PLS,5,BFN
Philippolis Road,PLS,5,BFN
Phillipsdale,CRY,3,ELS
Phillipstown,PTN,6,KIM
Phiphidi,THO,5,PTG
Phiri-e-Ntso,LOP,9,BFN
Phiring,BRD,5,NLP
Phiritona,HNR,4,BEM
Phiva,TGW,4,NLP
Phoenix,KHU,1,DUR
Phofu,LMB,3,PTG
Phokeng,PHE,1,RTR
Phokwane,PHK,4,PTG
Phola,HZY,2,NLP
Phola,KEN,2,WIR
Pholela,DLL,5,EMG
Pholoholo,MOL,5,KIM
Pholotsi,MAP,3,PTG
Phomolong,EWB,7,KIM
Phomolong,PJB,4,BEM
Phomolong,CAR,4,JNB
Phosiri,LEB,3,PTG
Photsaneng,MAK,1,RTR
Phozi,CHM,2,ELS
Phukukane,DNN,4,WIR
Phukwana,GAR,5,ELS
Phukwane,MLM,6,PTG
Phume,EBE,4,ELS
Phumlani,ALC,4,ELS
Phumula,KLA,4,WIR
Phungwe,TML,4,NLP
Phuthaditjhaba - A,PJB,4,BEM
Phuting,MWS,3,RTR
Phuting,TIN,7,PSH
Pienaar,KNM,2,NLP
Pienaarsrivier,PVR,3,JNB
Piet Plessis,PPL,7,KPR
Piet Retief,PFR,5,NCS
Pieter Meintjies,PRM,6,CPT
Pietermaritzburg,PZB,3,DUR
Pieters,CSO,4,NCS
Pieters Hoek,CSO,4,NCS
Pieterskraal,SBW,4,WIR
Pieterskraal,SBW,4,WIR
PIGGS PEAK,PPK,2,MBE
Piketberg,PQB,3,VDR
Pile,MKO,6,PTG
Pilgrims Rest,PGR,3,NLP
Pinedene,CAV,1,JNB
Pinetown,PIN,1,DUR
Pineview,WTS,5,PLZ
Pinkie,BTK,4,PTG
Pisgah Mission,HGL,3,PSH
Pitsaneng,PHK,4,PTG
Pitsedisulejang,DWG,4,RTR
PITSENG,PIT,4,MSU
Pitsong,PTV,5,KIM
Pjapjamela,GMD,4,PTG
Plains,PDK,1,PSH
Plange,MLM,6,PTG
Plankenbrug,SHC,1,CPT
Plaston,WHI,2,NLP
Platbakkies,PLB,8,VDR
Platkop,IWE,6,ELS
Platrand,PRD,4,NCS
Platreef,MAP,3,PTG
Platteklip,DAR,3,CPT
Platwal,RTR,1,RTR
Plesini,KEM,4,ELS
Plettenberg Bay,PLE,4,GRJ
Plooysburg,PYB,3,KIM
Poding-Tse-Rolo,PLS,5,BFN
Pofadder,PFD,6,UTN
Polaseng,HLR,4,PTG
Polela,BUW,4,DUR
Polen,BTK,4,PTG
Polile,KNP,7,PSH
Politsi,PLI,3,PTG
Polokwane,PTG,1,PTG
Poltini,STM,5,ELS
Pomeroy,POM,4,NCS
Pomfret,POF,8,KPR
Pondomise,LAH,9,BFN
Pondweni,OLB,7,PSH
Pongola,PGL,6,NCS
Pongweni,OLB,7,PSH
Pontdrif,EVA,6,PTG
Pontseng,LEH,6,PSH
Pontseng,KNP,7,PSH
Pontseng,MAF,6,PSH
Pools,POO,4,VDR
Poortjie,SBK,3,JNB
Poosedumane,LHR,5,RTR
Poro,KEK,4,ELS
Port Alfred,PAF,5,PLZ
Port Beaufort,PTB,6,GRJ
Port Durnford,MZI,2,EMG
Port Edward,PED,2,PSH
Port Elizabeth,BHD,2,PLZ
Port Grosvenor,POG,6,PSH
Port Nolloth,PNH,10,UTN
Port Saint Johns,PSJ,3,ELS
Port Shepstone,PSH,1,PSH
Porterville,POL,4,VDR
Portington,LKP,5,DUR
Portobello Beach,PED,2,PSH
Posiato,DZN,5,PTG
Posini,PDD,5,PLZ
Post Chalmers,POC,1,CDO
Postmasburg,PMG,6,KIM
Potchefstroom,PCM,2,KPR
Potfontein,PFT,6,KIM
Potoane,PVR,3,JNB
Potsane,SLS,3,BFN
Potsdam South,FJN,2,ELS
Potyi,QQD,6,ELS
Poupan,PUP,5,KIM
Povall,LUW,8,KPR
Preezberg,GLL,3,PTG
Premier Pineries,FAL,5,PLZ
Pretoria,PTA,1,JNB
Pretoriuskop Rest Camp,HZY,2,NLP
Prieska,PRK,7,UTN
Prieska,PVR,3,JNB
Prince Albert,PAW,4,GRJ
Prince Albert Road,DWK,6,GRJ
Prince Alfred,CER,4,CPT
Prince Alfred Hamlet,CER,4,CPT
Princes Grant,SAE,3,DUR
Pringle Bay,BEB,3,CPT
Priors,PRI,5,BFN
Prospect,BWP,4,CDO
Protection,NML,6,PSH
Protem,PTM,5,CPT
Providence,QTN,6,ELS
Prudhoe,FAL,5,PLZ
Puaneng,LHR,5,RTR
Pudimong,PUD,5,KIM
Pudiyakgopa,LMB,3,PTG
Pulangweni,CGL,3,ELS
Puleng,MGY,4,PTG
Pullen's Hope,BPZ,2,WIR
Pumlo,LSK,4,ELS
Pumula,HBD,2,PSH
Punda Maria,TKN,6,PTG
Puraspan,BOC,3,PTG
Puratle,MTF,5,ELS
Putfadder,FLG,5,ELS
Putsonderwater,PTZ,5,UTN
Pyramid,RWL,2,JNB
Qabangeni,MGH,4,PSH
Qabeni,MTY,5,ELS
Qabeni,TNZ,5,ELS
Qadi,HAE,2,DUR
Qakancu,NBE,2,ELS
Qalabotjha,VIL,5,JNB
Qamangeni,FLG,5,ELS
Qamata,STM,5,ELS
Qamdobowa,BFV,4,ELS
Qanda,TSL,2,ELS
Qandu,NSL,6,PSH
Qangasi,LBD,2,ELS
Qanguleni,CRY,3,ELS
Qanqu,KTP,9,BFN
Qanqu,LBD,2,ELS
Qanqu,ROD,6,PSH
Qaqane,GAO,8,BFN
Qaqeni,BOA,6,ELS
Qasa,FLG,5,ELS
Qaukeni,LSK,4,ELS
Qawukeni,DBZ,3,ELS
Qawukeni,LSK,4,ELS
Qawukeni,NGQ,2,ELS
Qawukeni,QRM,5,ELS
Qazini,QRM,5,ELS
Qebeyi,TSL,2,ELS
Qedusizi,NQT,4,NCS
Qelana,IDY,4,ELS
Qelane,UTT,1,ELS
Qeza,NSL,6,PSH
Qhaka,NSL,6,PSH
Qhanqu,KTP,9,BFN
Qhobong,HAD,9,BFN
Qhobosheaneng,KNP,7,PSH
Qhotira,KTP,9,BFN
Qhotira,TSL,2,ELS
Qhoweng,RDG,3,BFN
Qiba,QBA,8,BFN
Qibing,WPR,4,BFN
Qibira,KWA,4,ELS
Qima,BWH,4,ELS
Qina,QBQ,4,ELS
Qingqala,CIO,4,ELS
Qinile,NQK,4,ELS
Qiniselani Manyuswa,HAE,2,DUR
Qithi,LAF,6,ELS
Qiti,OLB,7,PSH
Qoboshane,SKT,6,BFN
Qokama,NOT,8,PSH
Qokolweni,MAI,1,ELS
Qokolweni,MYU,3,ELS
Qolo,MDT,4,ELS
Qolombana,UTT,1,ELS
Qolora,KTI,4,ELS
Qolora Mouth,QOM,5,ELS
Qolweni,CKP,7,DUR
Qolweni,CIA,2,ELS
Qolweni,NQK,4,ELS
Qolweni,QMB,3,ELS
Qombe,BXS,3,ELS
Qombolo,CVB,5,ELS
Qoqa,MFF,4,ELS
Qoqodala,QQD,6,ELS
Qora,BWH,4,ELS
Qora Mouth,QRM,5,ELS
Qota,CGL,3,ELS
Qubeni,ELD,2,ELS
Qudeni,QUD,6,DUR
Queen's Mercy,MAF,6,PSH
Queensberry Bay,CIA,2,ELS
Queensburgh,CTW,1,DUR
Queenstown,QTN,6,ELS
Qugqwala,KWT,3,ELS
Qugqwaru,BRV,8,BFN
Quimera,SKT,6,BFN
QUITENG,QUI,5,MSU
Quko Valley,QKO,3,ELS
Quluqu,CRY,3,ELS
Qumanco,NCO,5,ELS
Qumanco,NOB,5,ELS
Qumbu,QMB,3,ELS
Qumeni,HHR,4,DUR
Qumrha,KGA,4,ELS
Qunu,BYI,2,ELS
Qutsa,CVB,5,ELS
Qutsa Mission,CVB,5,ELS
Qutubeni,BFV,4,ELS
Qutubeni,LAF,6,ELS
Quza,KEK,4,ELS
Qwabe N,TON,2,DUR
Qwabi,TSK,6,ELS
Qwaninga,NYK,4,ELS
Qwidlana,LAH,9,BFN
Qwilini,LUF,9,BFN
Rabali,DZN,5,PTG
Rabe,MDT,4,ELS
Rabie Ridge,MID,1,JNB
Rabokala,GKA,2,JNB
Rabosula,MBP,3,JNB
Rabula,DBZ,3,ELS
Raditshaba,DGR,5,PTG
Radium,RAD,4,JNB
Rakhoi,EXC,3,BFN
Ramabesa,MBO,5,KPR
Ramakgaphola,MTA,2,PTG
Ramalapa,MTA,2,PTG
Ramalema,LTA,4,PTG
Ramaphosa,DNN,4,WIR
Ramaru,EMH,4,PTG
Ramaswikana,DGR,5,PTG
Ramatlabama,BWY,5,RTR
Ramatshaba,MWS,3,RTR
Rambuda,SIB,5,PTG
Rammulutsi,VJK,2,KPR
Ramogwerane,MTT,4,WIR
Ramokgeletsane,SBW,4,WIR
Ramokgolela,NVD,5,RTR
Ramokgopa,DRR,2,PTG
Ramokolle,JFH,4,PTG
Ramosibitswana,MDW,4,RTR
Ramotlhajwe,NVD,5,RTR
Ramotshidi,LET,4,PTG
RAMOTSWANA,RNA,2,GBE
Rampampaspoort,DWG,4,RTR
Ramra,CIO,4,ELS
Ramsgate,RMG,1,PSH
Ramurulane,MAP,3,PTG
Randalhurst,RLH,3,EMG
Randburg,RDB,1,JNB
Randfontein,RDF,3,JNB
Randfontein Mine,WTI,3,JNB
Randjieslaagte,DNF,4,NCS
Randvaal,MTN,3,JNB
Rangstad,MKV,5,KIM
Rankaile,RAD,4,JNB
Rankatia,BTR,3,JNB
Rankelenyane,BSS,1,RTR
RANKINS PASS,RKR,5,PTG
Rankunyana,BSS,1,RTR
Rantebeng,MBP,3,JNB
Rapitsi,MTA,2,PTG
Rapoeli,DLV,5,KPR
Rapotokwane,RDW,4,JNB
Rarayo,QBQ,4,ELS
Rareni,GAO,8,BFN
Rashoop,PAD,3,JNB
Rasmeni,LAN,3,ELS
Ratabane,SLS,3,BFN
Ratanang,JDL,2,KIM
Ratanda,HGR,3,JNB
Ratelfontein,RFL,4,VDR
Ratelrivier,ELI,5,CPT
Rathoke,NUF,5,JNB
Ratombo,BCH,4,PTG
Ratsegae,MBL,4,RTR
Ravele,AFB,4,PTG
Ravenscroft,MFF,4,ELS
Ravinia,JBT,6,PLZ
Rawsonville,RWV,4,CPT
Rawuka,BTD,4,PSH
Rawutini,NSL,6,PSH
Rawutini,NSL,6,PSH
Rayisini,SKT,6,BFN
Rayton,CUL,2,JNB
Readsdale,BTD,4,PSH
Reagile,BLB,5,RTR
Rebone,BLA,4,PTG
Red Hill,FTR,4,ELS
Redcliffe,RDC,4,DUR
Reddersburg,RDG,3,BFN
Redelinghuys,RDH,3,VDR
Redford,CRG,4,GRJ
Redlands,PRK,7,UTN
Redoubt,BZN,3,PSH
Redside,HGB,4,ELS
Reedstream Park,KRI,2,WIR
Refengkgotso,DYE,4,JNB
Refilwe,CUL,2,JNB
Registrasie,WPT,5,PTG
REHOBOTH,RBH,4,WDH
Reiger Park,BKB,1,JNB
Reitz,RTZ,2,BEM
Reitzburg,RZB,3,KPR
Reivilo,REV,5,KIM
Relebohile,LKF,4,KIM
Relela,GMD,4,PTG
Rembander,LEV,5,PTG
Renosterfontein,KOS,3,RTR
Renosterkop,RKP,7,GRJ
Renostervlei,RAD,4,JNB
Rensburgsdrif,ECT,5,DUR
Reserve,KTR,4,NLP
Rethabile,CLV,2,WIR
Rethabiseng,EKG,3,JNB
Retreat,NQI,2,PSH
Revolver Creek,KPM,2,NLP
Rhenosterdoorns,GDY,3,KPR
Rhenosterkraal,MDW,4,RTR
Rhenosterspruit,HBR,2,KPR
Rhini,GHO,4,PLZ
Rhodes,RHO,8,BFN
Rhodesia,LAH,9,BFN
Rhulani,OFL,5,PTG
Rhwantsana,FBF,5,ELS
Rhwaxeni,TNZ,5,ELS
Richard's Bay,RBY,1,EMG
Richmond,RHD,6,CDO
Richmond,RMD,3,DUR
Richmond Pines,CHM,2,ELS
Riebeeckstad,ALA,5,BFN
Riebeek East,RBO,4,PLZ
Riebeek-Kasteel,RKK,4,VDR
Riebeek-Wes,RWR,4,VDR
Riekertsdam,GMO,4,RTR
Riemvasmaak,AUG,4,UTN
Rietbron,RTB,6,GRJ
Rietbult Estate,BOR,4,JNB
Rietfontein,GFS,3,BFN
Rietfontein,SHL,4,KIM
Rietfontein,SWM,6,UTN
Rietfontein,BRD,5,NLP
Rietfontein,KPK,4,NLP
Rietfontein,MBL,4,RTR
Rietfontein,VIL,5,JNB
Rietfontein,GNQ,4,PLZ
Rietfontein,SKT,6,BFN
Rietfontein,BDS,3,KPR
Rietfontein,LDM,4,RTR
Rietfontein,MAH,2,RTR
Rietfontein,PYR,4,KPR
Rietfontein Village,TMB,6,PTG
Rietgat,VGA,4,BFN
Riethuiskraal,DVT,4,GRJ
Rietkuil,VDE,4,NCS
Rietpoel,RTP,4,CPT
Rietpoort,RPO,9,UTN
Rietvallei,KGP,4,NLP
Rietvallei,RDF,3,JNB
Rietvlei,BRD,5,NLP
Rietvlei,BTD,4,PSH
Rietvlei,RTV,4,DUR
Rini,BLN,2,ELS
Rini,CFB,4,ELS
Rita,LTA,4,PTG
Rita,RIT,1,PTG
Ritchie,RTH,2,KIM
Rittersgrun,AHR,5,DUR
Rivala,HMG,4,PTG
River View,MUT,2,EMG
River View,PSJ,3,ELS
Riverbend,BFV,4,ELS
Riversdale,RDS,4,GRJ
Riversdale,RMD,3,DUR
Riverside,KRO,4,KPR
Riverside,MER,3,NLP
Riverside,RVS,5,DUR
Riverside,BCC,2,PLZ
Riverside,FBF,5,ELS
Riverton,WIN,2,KIM
Rivierplaas,EMH,4,PTG
Riviersonderend,RSD,5,CPT
Roadhouse,MLM,6,PTG
Roadside,COR,5,NCS
Roamers Rest,MAF,6,PSH
Rob Roy,TMB,6,PTG
Rob Roy,TMB,6,PTG
Robega,BHK,2,RTR
Roberts Drift,ROB,5,NCS
Robertson,ROR,5,CPT
Rochdale,LEH,6,PSH
Rockcliff,HPM,4,NCS
Rockcliff,PJB,4,BEM
Rocklands,TAS,4,CDO
Rocklands,UTH,2,PLZ
Rode,CHM,2,ELS
Rode,ROD,6,PSH
Roedtan,ROE,4,PTG
Role-le-ya-Thunya,RXL,5,BFN
Rolle,THU,4,NLP
Rolle,TML,4,NLP
Roma,APH,5,NCS
ROMA,ROA,2,MSU
Romansrivier,WSY,4,CPT
Rona,LAF,6,ELS
Ronaldsey,MRI,3,NLP
Rondevlei,SGF,2,GRJ
Roodebank,ROO,4,WIR
Roodepan,GSH,1,KIM
Roodepoort,RDP,1,JNB
Rooiberg,RBG,4,RTR
Rooibokkraal,RBK,6,RTR
Rooiboklaagte,ACH,4,NLP
Rooibult,EXC,3,BFN
Rooiels Bay,BEB,3,CPT
Rooifontein,GAM,8,UTN
Rooihoogte,UTH,2,PLZ
Rooikoppies,MAK,1,RTR
Rooikraal,RKL,4,WIR
Rooikrans,LEP,4,RTR
Rooilyf,GBH,4,UTN
Rooipad,AUG,4,UTN
Rooipanville,ROP,4,KIM
Rooipoort,WPT,5,PTG
Rooiuitsig,BRL,1,NLP
Rooiwal,MTV,4,KIM
Rooiwal,SKT,6,BFN
Rooiwal,KPY,4,KPR
Rooiwinkel,OKP,8,UTN
Roosboom,LAY,4,NCS
Roossenekal,RSC,4,WIR
Rorke's Drift,RKD,4,NCS
Rosebank,RMD,3,DUR
Rosebery,BEL,3,ELS
Rosedale,LKP,5,DUR
Rosedene,ROS,7,GRJ
Rosehaugh,BRL,1,NLP
Rosendal,RDL,2,BEM
Rosendal,CHM,2,ELS
Roseneath,SOG,3,DUR
Rosetta,RTT,4,DUR
Rosmead,MGK,4,CDO
Rosmincol,LDM,4,RTR
Ross Mission,UTT,1,ELS
Rosslands,CHQ,5,PLZ
Rossouw,RSW,8,BFN
Rostrataville,ROV,4,KPR
Rothmere,RHM,4,ELS
Rotterdam,MAM,4,PTG
Rouxpos,RXP,8,CPT
Rouxville,RXL,5,BFN
Rowell,KAM,6,KIM
Royston,DGR,5,PTG
Rubbervale,GVL,5,PTG
Rubetsoane,MAF,6,PSH
Rugby,LKG,8,UTN
Rugseer,KHD,5,UTN
Ruighoek,MAB,3,RTR
Ruigtevlei,JTR,7,BFN
Ruitersbos,RUB,2,GRJ
RUNDU,NDU,10,WDH
Runnymeade,RDC,4,DUR
Runnymede,NKB,4,PTG
Rura,PDD,5,PLZ
Rust,RUS,4,CPT
Rust de Winter,RDW,4,JNB
Rusten,LUW,8,KPR
Rustenburg,RTR,1,RTR
Rustig,RSG,4,KPR
Rusverby,RVB,3,RTR
Rwantsana,ASK,8,BFN
Rwantsana,FLG,5,ELS
Rwantsana,KGA,4,ELS
Rwantsana,ROD,6,PSH
Rwantsana,TNZ,5,ELS
Rwarwa,FTR,4,ELS
Rydal Mount,NQI,2,PSH
Ryspunt,SKK,6,CPT
Saagmeule Toise,BRS,3,ELS
Saaifontein,FSG,8,GRJ
Saaiwater,CLV,2,WIR
Sabelo,RHD,6,CDO
Sabie,SAB,2,NLP
Sada,SAD,5,ELS
Saint Andrew's Mission,LSK,4,ELS
Saint Anthony,HHR,4,DUR
Saint Augustine's,RKD,4,NCS
Saint Augustines Mission,NTW,9,BFN
Saint Barnabas,UMZ,5,DUR
Saint Bartholomew's,QMB,3,ELS
Saint Bernards,LEH,6,PSH
Saint Catherine,WPT,5,PTG
Saint Chads,PPW,4,NCS
Saint Christopher,NRK,4,DUR
Saint Cuthberts,TSL,2,ELS
Saint Faith's,STF,3,PSH
Saint Francis Bay,SFB,4,PLZ
Saint Gabriel,CAA,5,ELS
Saint Helena Bay,LPK,1,VDR
Saint Lucia,SLE,3,EMG
Saint Luke's Mission,FJN,2,ELS
Saint Marks,KNP,7,PSH
Saint Mark's,STM,5,ELS
Saint Matthews,BDR,4,NCS
Saint Matthews,KEK,4,ELS
Saint Michael's Mission,SKT,6,BFN
Saint Michael's-on-Sea,UVG,1,PSH
Saint Nivads,UZO,4,DUR
Saint Pauls Mission,NTB,4,NCS
Saint Peters Mission,RKD,4,NCS
Saint Thomas,ESH,2,EMG
Saint Thomas Mission,NQT,4,NCS
Saint Vincent's,RKD,4,NCS
Sais,DGR,5,PTG
Sakela,BYI,2,ELS
Sakhile,SNR,4,NCS
Saki,KWA,4,ELS
Sakoleng,BOC,3,PTG
Sakrivier,KTK,8,UTN
Sakuthe,LOP,9,BFN
Salaneng,POF,8,KPR
Saldanha,SLD,1,VDR
Salem,GHO,4,PLZ
Saleng,GYD,5,KPR
Salpeterpan,SPT,6,KIM
Salt Lake,SLT,4,KIM
Salt Rock,UMI,3,DUR
Sambandou,MKO,6,PTG
Sams Hoek,POM,4,NCS
Samuel,NQI,2,PSH
Samungu,SAE,3,DUR
San Lameer,RMG,1,PSH
Sanari,MUE,7,PTG
Sanctuary,KIM,1,KIM
Sandberg,SGR,4,VDR
Sanddrif,KHB,10,UTN
Sanddrif,STR,6,PLZ
Sandile,CHM,2,ELS
Sandile,NBE,2,ELS
Sandkraal,MLR,6,GRJ
Sandton,RDB,1,JNB
Sandvlakte,SDV,6,PLZ
Sandvleishoek,SBB,2,BEM
Sandy's Glen,PPV,5,CPT
Sangcwaba,HHR,4,DUR
Sangeni,MNI,4,NCS
Sangoma,LET,4,PTG
Sangqu,KTP,9,BFN
Sangweyana Estate,EMG,1,EMG
Sankobe,MAI,1,ELS
Sannaspos,BSB,2,BFN
Sannieshof,SAH,4,KPR
Santa,DMR,4,WIR
Santombe,HGL,3,PSH
Santoy,LKG,8,UTN
Saphompolo,NTW,9,BFN
Saphukanduka,ROD,6,PSH
Saphukanduka,ROD,6,PSH
Sapulanduko,HAD,9,BFN
Sariya,CRI,5,DUR
Saron,SRN,4,VDR
Saselemani,MLM,6,PTG
Sasolburg,SBG,4,JNB
Satana,BYI,2,ELS
Satara Rest Camp,SKZ,4,NLP
Sauer,GVW,3,VDR
Saulspoort,MWS,3,RTR
Sawoti,UZO,4,DUR
Sawutana,NTS,4,ELS
Sawutana,EZI,4,ELS
Sawutini,BYI,2,ELS
Sazinge,NOT,8,PSH
Scamba,IZN,2,PSH
Scarborough,STX,1,CPT
Schagen,BVL,1,NLP
Schalksrus,KGP,4,NLP
Scheepersnek,SCN,4,NCS
Scheepersrus,SWD,6,CPT
Schiel Farm,KLT,5,PTG
Schmidtsdrif,SCH,3,KIM
Schoemansdal,KAL,3,NLP
Schoemanshoek,SMH,3,GRJ
Schoemansville,HBP,2,JNB
Schoombee,CNY,3,CDO
Schoongelegen,GLL,3,PTG
Schoongesicht,BPZ,2,WIR
Schoongezicht,LOT,5,KPR
Schoonoord,KNV,5,PTG
Schoonveld,BOC,3,PTG
Schroeders,WBG,3,DUR
Schulzendal,KAL,3,NLP
Schweizer-Reneke,SRK,5,KPR
Scottburgh,SOG,3,DUR
Sdakeni,HLC,5,PSH
Sea Park,PSH,1,PSH
Sea View,BHD,2,PLZ
Sea View,CHM,2,ELS
Sea View,PED,2,PSH
Seabe,SET,4,JNB
Seafield,PAF,5,PLZ
Sealane,PEG,6,NLP
Seavale,CHM,2,ELS
Sebayeng,SOM,2,PTG
Sebeni,MNB,5,ELS
Sebitse,JFH,4,PTG
Sebokeng,SBK,3,JNB
Sebotlane,BTK,4,PTG
Secunda,SEC,3,WIR
Sedaven,HGR,3,JNB
Sedawa,PEG,6,NLP
Sedgefield,SGF,2,GRJ
Sediba,EXC,3,BFN
Sedibene,HLR,4,PTG
Sedibeng,GMP,7,KIM
Seekoegat,SKG,4,GRJ
Sefahlane,MTA,2,PTG
Sefateng,CUR,3,PTG
Sefikile,SWK,4,RTR
Sefofotse,HLR,4,PTG
Segojane,MGL,4,PTG
Segokgo,RDW,4,JNB
Segole,MGL,4,PTG
Segwaelane,SON,3,JNB
Segwasi,HNB,3,PTG
Sehlakwana,VRN,2,WIR
Sehlakwana,VRN,2,WIR
Sehlakwane,HLO,5,WIR
Sehloloneng,KNP,7,PSH
Sehunyane,PEG,6,NLP
Seilago,GIY,5,PTG
Sekelani,SNW,5,DUR
Sekgakgapeng,GLL,3,PTG
Sekgakgapeng,MWL,3,PTG
Sekgophokgophong,GPS,3,PTG
Sekgosese,SMC,3,PTG
Sekgweng,RIK,2,PTG
Sekhiming,HLR,4,PTG
Sekhing,SHV,4,KIM
Sekhokho,SMC,3,PTG
Sekhukhubje,MAM,4,PTG
Sekhukhune,JFH,4,PTG
Sekhukhune,KNV,5,PTG
Sekhukhuneland,PEG,6,NLP
Sekhung,TOL,5,PTG
Sekhutlong,JFH,4,PTG
Sekhutlong,MAF,6,PSH
Sekopung,PEG,6,NLP
Sekuruwe,BOC,3,PTG
Sekuruwe,MAP,3,PTG
Sekuyasa,BRV,8,BFN
Sekwati,JFH,4,PTG
Selati River,GVL,5,PTG
Selepe,MBU,4,RTR
SELIBI PHIKWE,SPE,9,GBE
Selonsrivier,SER,2,WIR
Semahlakole,PHK,4,PTG
Semashu,MSI,7,KPR
Semongkong,KNP,7,PSH
Senakwe,HLR,4,PTG
Sendedza,DZN,5,PTG
Sendelingsdrif,KHB,10,UTN
Sending,SEG,3,PTG
Senekal,SEN,3,BEM
Sengatane,MSH,2,PTG
Senita,MKN,4,PTG
Senlac,POF,8,KPR
Senopelwa,HLR,4,PTG
Senotlelo,SBW,4,WIR
Sentrum,SNM,5,RTR
Sentwa,EZI,4,ELS
Senwabarwana,BOC,3,PTG
Senwamokgope,MAM,4,PTG
Senyatho,PEG,6,NLP
Seoding,EPD,4,KIM
Seoding,SDL,6,KIM
Seolong,MAB,3,RTR
Seolwane,JFH,4,PTG
Sepanapudi,MTA,2,PTG
Sephai,ASN,4,RTR
Sephaku,HLO,5,WIR
Sepharane,MAP,3,PTG
Sephoto,PHK,4,PTG
Sepobe,GLL,3,PTG
Seponapudi,CUR,3,PTG
Seqhobong,TIN,7,PSH
Seqomeni,CKP,7,DUR
Serafa,PEG,6,NLP
Serageng,PHK,4,PTG
Serageng,MGY,4,PTG
Serake,NVD,5,RTR
Sereni,MAM,4,PTG
Seretse,BHF,3,KIM
Seriteng,MGY,4,PTG
Seroba,MSH,2,PTG
Serobaneng,CUR,3,PTG
Serokolo,CUR,3,PTG
Serolorolo,NKB,4,PTG
SEROWE,SRE,8,GBE
Seru,NOB,5,ELS
Sesalong,BTK,4,PTG
Sesesehu,LEB,3,PTG
Seshego,PTG,1,PTG
Sesheng,KAT,7,KIM
Sesibitswe,LSP,4,RTR
Sesobe,DWG,4,RTR
Sesuane,TOL,5,PTG
Seswikaneng,LEB,3,PTG
Setabataba,TIN,7,PSH
Setaleng,GMD,4,PTG
Setateng,OVY,5,PTG
Seteneng,DEP,5,KPR
Setete,LHR,5,RTR
Sethakeng,LYK,6,KIM
Sethathi,KNP,7,PSH
Setlagole,SGE,5,KPR
Setlaole,BTK,4,PTG
Setlhabane,MNE,5,KPR
Setlhake,ACH,4,NLP
Setlhwatlhwe,SGE,5,KPR
Setotolwane,MSH,2,PTG
Settlers,SET,4,JNB
Setumong,MTA,2,PTG
Setuphiline,GLL,3,PTG
Seuwe,PEG,6,NLP
Sevenoaks,DTN,3,DUR
Severn,ANS,8,UTN
Seville,LEV,5,PTG
Sewefontein,GND,5,CPT
Seweweekspoort,LAI,8,CPT
Seymour,HGB,4,ELS
Shabalala,HZY,2,NLP
Shakadza,MAT,6,PTG
Shaka's Rock,BBY,2,DUR
Shakaskraal,SHA,3,DUR
Shakung,MBP,3,JNB
Shakung,PEG,6,NLP
Shaleng,SHL,4,KIM
Shamfana,NKO,5,PTG
Shamley's Farm,FSF,6,UTN
Shangase,VAM,2,DUR
Shannon,BFN,1,BFN
Sharpeville,VDB,4,JNB
Shawbury,QMB,3,ELS
Shayandima,THO,5,PTG
Sheepmoor,SHR,5,WIR
Sheldon,ANN,4,PLZ
Shellfish,BUW,4,DUR
Shelly Beach,SYB,1,PSH
Sherborne,SHE,4,CDO
Sheshegu,UTT,1,ELS
Shiela,ITS,4,KPR
Shigalo,MLM,6,PTG
Shikhumba,NKO,5,PTG
Shingwedzi Rest Camp,NKO,5,PTG
Sholweni,NTS,4,ELS
Shotong,GMD,4,PTG
Shushwana,GAR,5,ELS
Sibangweni,UTT,1,ELS
Sibasa,THO,5,PTG
Siberia,MNE,5,KPR
Siberia,MTL,6,PSH
SiBhityolo,KGA,4,ELS
Sibi,MAF,6,PSH
Sibthorpe,BRL,1,NLP
Sibutha,NTB,4,NCS
Sicambeni,PSJ,3,ELS
Sicelweni,UMZ,5,DUR
Sicwenza,FLG,5,ELS
Sicwenza,FLG,5,ELS
Sidadeni,LAH,9,BFN
Sidakaneni,LDN,7,BFN
Sidakeni,NGM,5,EMG
Sidakeni,BON,4,PSH
Sidakeni,BRV,8,BFN
Sidakeni,LAN,3,ELS
Sidakeni,MTL,6,PSH
Sidakeni,TNZ,5,ELS
Sidanda,NOT,8,PSH
Sidbury,ALI,3,PLZ
Sidikidi,MFF,4,ELS
Sidikidini,RVS,5,DUR
Sidikidini,ASK,8,BFN
Sidinsi,NON,4,EMG
Sidney-On-Vaal,DLH,3,KIM
Sidoni,LEV,5,PTG
Sidubi Poort,CVB,5,ELS
Sidumaneni,QMB,3,ELS
Sidutyini,NQK,4,ELS
Sidwadweni,QQD,6,ELS
Sidwadweni,TSL,2,ELS
Sidwadweni,TSL,2,ELS
Sifasonke,KLT,5,PTG
Sifonondile,CAA,5,ELS
Sifumba,TSO,5,ELS
Sigangeni,ENG,4,ELS
Sigangeni,ENG,4,ELS
Sigangeni,LAN,3,ELS
Sigcau,FLG,5,ELS
Sigidi,LAN,3,ELS
Sigingqini,CIO,4,ELS
Sigingqini,FLG,5,ELS
Sigingqini,MAI,1,ELS
Siginqini,QBA,8,BFN
Sigobelwana,EBE,4,ELS
Sigobodweni,NTS,4,ELS
Sigodini,MTF,5,ELS
Sigodlweni,ENG,4,ELS
Sigodlweni,HLC,5,PSH
Sigoga,KNP,7,PSH
Sigonde,MUE,7,PTG
Sigubudu,NOT,8,PSH
Sigubudweni,NBE,2,ELS
Sigubudwini,NBE,2,ELS
Sigubudwini,NCO,5,ELS
Sigubudwini,QMB,3,ELS
Sigundwaneni,MFF,4,ELS
Sigweje,HPM,4,NCS
Sigxeni,BOA,6,ELS
Sihlaba,STM,5,ELS
Sihlabeni,BYI,2,ELS
Sihlabeni,NTS,4,ELS
Sihlabeni,STM,5,ELS
Sihlahleni,BNY,5,PSH
Sihlahleni,FLG,5,ELS
Sihlambeni,TSK,6,ELS
Sihlangu,TGW,4,NLP
Sihleza,BTD,4,PSH
Sihlito,LSK,4,ELS
Sihlonyaneni,FLG,5,ELS
Sihlutankungu,HHR,4,DUR
Sihobotini,TSO,5,ELS
Sihogweni,CFB,4,ELS
Sihom,BXS,3,ELS
Sihomhom,KTP,9,BFN
Sijika,MFF,4,ELS
Sijoka,MTL,6,PSH
Sikalweni,NSL,6,PSH
Sikansi,QMB,3,ELS
Sikantini,ENG,4,ELS
Sikelweni,NOT,8,PSH
Sikemane,MTY,5,ELS
Sikhepheni,LAH,9,BFN
Sikhoba,BYI,2,ELS
Sikhobeni,EZI,4,ELS
Sikhulu,ROD,6,PSH
Sikhwahlane,TGW,4,NLP
Sikoba,ELD,2,ELS
Sikobeni,ENG,4,ELS
Sikobeni,NTS,4,ELS
Sikobeni,QBQ,4,ELS
Sikobeni,QMB,3,ELS
Sikobeni,QMB,3,ELS
Sikolweni,NTS,4,ELS
Sikolweni,NTW,9,BFN
Sikulu,FLG,5,ELS
Sikulu,GVE,6,PSH
Sikungwini,ENG,4,ELS
Sikwane,NVD,5,RTR
Sikwateni,FDD,4,PSH
Sileni,LBD,2,ELS
Silent Valley,SLV,5,RTR
Silevini,TSL,2,ELS
Silindini,MTF,5,ELS
Silindini,MTY,5,ELS
Silkaatskop,DWG,4,RTR
Siloam,DZN,5,PTG
Silobela,CLA,4,WIR
Silondile,QBA,8,BFN
Silutshana,MNI,4,NCS
Silver Streams,SVR,5,KIM
Silverdale,FJN,2,ELS
Silverstream,KTI,4,ELS
Simlangetja,COM,4,NCS
Simondium,PAA,2,CPT
Simon's Town,STX,1,CPT
Simozomeni,RMD,3,DUR
SIMUNYE,SYE,4,MBE
Sinakanaka,FTR,4,ELS
Sinakho,DDX,8,BFN
Sinathingi,PZB,3,DUR
Sinembe,TON,2,DUR
Singeni,CRY,3,ELS
Singeni,NTW,9,BFN
Singeni,RHM,4,ELS
Singeni,CRY,3,ELS
Singisi,SNW,5,DUR
Sinindeni,MGH,4,PSH
Sinjinji,HLC,5,PSH
Sinkonkonko,HLB,4,EMG
Sinksbrug,SKB,1,GRJ
Sinqumeni,KUM,9,BFN
Sinqumeni,MYU,3,ELS
Sinqumeni,PDD,5,PLZ
Sinwandweni,BTV,1,ELS
Sinyondweni,BTV,1,ELS
Sipafeni,QBA,8,BFN
Sipetu,TNZ,5,ELS
Sipetu,FDD,4,PSH
Sipezini,FLG,5,ELS
Siphahleni,DBK,4,DUR
Siphangeni,SNW,5,DUR
Siphelanyane,KNM,2,NLP
Siphepheto,MTL,6,PSH
Siphingweni,HGB,4,ELS
Sipilini,MFF,4,ELS
Sipofu,DSA,2,PSH
Sipolweni,MTY,5,ELS
Sipunda,TNZ,5,ELS
Siqhingeni,MFF,4,ELS
Siqhithini,TNZ,5,ELS
Siqikini,NOB,5,ELS
Siqikini,BOA,6,ELS
Siqingeni,BNY,5,PSH
Siqingeni,ROD,6,PSH
Siqingqini,ENG,4,ELS
Sir Lowry's Pass,GDB,1,CPT
Siranyeni,LSK,4,ELS
Siroshweni,BXS,3,ELS
Siroshweni,OLM,3,ELS
Sirudlwini,MFF,4,ELS
Sishumaneni,MTY,5,ELS
Sisilane,TSK,6,ELS
Siszini,IDY,4,ELS
Sitangameni,QMB,3,ELS
Sitatwini,ELD,2,ELS
Sitebe,BTV,1,ELS
Sitebe,BYI,2,ELS
Sitebe,CRY,3,ELS
Sitebe,BTV,1,ELS
Siteketyheni,TSL,2,ELS
SITEKI,SKI,4,MBE
Sithunjwana,BUW,4,DUR
Sitiyweni,CED,6,PSH
Sitoleni,LAN,3,ELS
Sitoleni,UTT,1,ELS
Sitrus,PTI,4,PLZ
Sitshayelweni,NSL,6,PSH
Sitshini,EBE,4,ELS
Sittingbourne,KWT,3,ELS
Sivivane,MFF,4,ELS
Sivumela,LAH,9,BFN
Sixhotyeni,BTV,1,ELS
Sixhotyeni,BYI,2,ELS
Sixhotyeni,HAD,9,BFN
Sixuzulu,NBE,2,ELS
Siyabuswa,SBW,4,WIR
Siyakhathala,NTB,4,NCS
Siyalweni,MTF,5,ELS
Siyanda,KHU,1,DUR
Siyate,TNZ,5,ELS
Siyathemba,BOR,4,JNB
Siyathuthuka,BFZ,4,WIR
Siza,NSL,6,PSH
Sizakhele,BED,4,CDO
Sizanenjana,DBK,4,DUR
Sizindeni,NGG,2,ELS
Sizini,KEM,4,ELS
Skeerpoort,SKP,3,RTR
Skerpioenpunt,SPP,4,UTN
Skietbank,OKP,8,UTN
Skilpadskloof,RTP,4,CPT
Skipskop,SKK,6,CPT
Skisazana,BGU,6,BFN
Skobeni,BIS,3,ELS
Skolweni,ALC,4,ELS
Skoonfontein,SYG,7,BFN
Skoonoord,JFH,4,PTG
Skoonplaas,TGW,4,NLP
Skuinsdrif,GMO,4,RTR
Skuinsrand,GKK,2,PTG
Skukuza,SKZ,4,NLP
Skurwepoort,MKN,4,PTG
Slaaphoek,TOL,5,PTG
Slabberts,SBB,2,BEM
Slagboom,MBU,4,RTR
Slangrivier,AKR,5,GRJ
SLANGRIVIER,SLR,4,PLZ
Slevini,STM,5,ELS
Slovoville,MEA,3,JNB
Slurry,SLU,5,KPR
Small Lokasi,CED,6,PSH
Small Phooko,DNN,4,WIR
Smauswane,MBS,6,KIM
Smilobha,BUW,4,DUR
Smithfield,SMF,4,BFN
Smithfield,DBK,4,DUR
Smith's Crossing,LAY,4,NCS
Smitsrus,DVF,4,PTG
Smokey,TSP,5,PTG
Snakefield,LEH,6,PSH
Sneezewood,SNW,5,DUR
Sobabiti,NBH,5,DUR
Sobamdlovu,FXT,1,EMG
Sobantu,BTD,4,PSH
Sobhixase,HLC,5,PSH
Sobonakhona,UML,2,DUR
Sodium,SOD,7,KIM
Sodoma,GLL,3,PTG
SODWANA BAY,SDW,6,EMG
Soebatsfontein,KGN,9,VDR
Soetendal,HMN,3,CPT
Sofute,EZI,4,ELS
Sokapase,EZI,4,ELS
Sokhulumi,EKG,3,JNB
Solomondale,SOM,2,PTG
Somabadi,KNP,7,PSH
Somatika,EBE,4,ELS
Somerset,SKZ,4,NLP
Somerset East,SEO,5,PLZ
Somerset West,SSW,1,CPT
Somerville Mission Station,NTW,9,BFN
Somile,BCE,5,NCS
Sompungane,EBE,4,ELS
Sonderpan,KGB,4,UTN
Sonop,SON,3,JNB
Sonop,DGG,3,CDO
Sonstraal,DDB,6,UTN
Sonwabile,MCR,4,ELS
Soshanguve,MBP,3,JNB
Soto,QKO,3,ELS
South Down,AMA,3,ELS
SOUTH DOWNS,SDO,5,DUR
South Hill,HHR,4,DUR
South Witbank,CLV,2,WIR
Southbroom,RMG,1,PSH
Southdene,CAR,4,JNB
Southey,LUW,8,KPR
Southeyville,ASK,8,BFN
Southport,PSH,1,PSH
Southwell,SWE,4,PLZ
Soutkuil,KPD,5,CPT
Soutpan,SOU,2,BFN
Soutrivier,KYL,3,GRJ
Soweto,SWO,1,JNB
Spanwerk,RBK,6,RTR
Spes Bona,FJN,2,ELS
Spes Bona,RZB,3,KPR
Spitskop,SLS,3,BFN
Spitskopvlei,AGS,2,CDO
Spitspunt,NUF,5,JNB
Spoegrivier,GRS,9,UTN
Spreyton,TON,2,DUR
Sprigg,UTN,2,UTN
Spring Vale,UTT,1,ELS
Spring Valley,SPV,4,CDO
Springbok,SPU,8,UTN
Springbok,CLV,2,WIR
Springbok Laagte,OZI,1,NCS
Springbokfontein,DEP,5,KPR
Springbokpan,ITS,4,KPR
Springbokvlakte,KPO,4,PLZ
Springfontein,GFS,3,BFN
Springfontein,SPF,5,BFN
Springgrove,TSK,6,ELS
Springkaanspoort,LDN,7,BFN
Springmount,NCH,2,PLZ
Springs,SPR,2,JNB
Springs,PDD,5,PLZ
Springvale,BHD,2,PLZ
Springvale,KPI,4,CDO
Sprinkana,MAF,6,PSH
Spruitdrif,VRE,5,VDR
Sqitini,SKT,6,BFN
St Albans Prison,UTH,2,PLZ
Staansaam,SWM,6,UTN
Stafford's Post,BTD,4,PSH
Standerton,SNR,4,NCS
Standford Hill,MTL,6,PSH
Stanford,SFD,4,CPT
Stanger,SAE,3,DUR
Stanhope,AMA,3,ELS
Steekdorings,SPT,6,KIM
Steelpoort,SEE,5,PTG
Steenbokpan,SBP,7,RTR
Steenmakery,HGB,4,ELS
Steenwerp,POL,4,VDR
Steilnek,MSI,7,KPR
Steilwater,BLA,4,PTG
Steinkopf,BPL,9,UTN
Stella,PUD,5,KIM
Stella,STL,6,KPR
Stellenbosch,SHC,1,CPT
Sterkaar,DEE,7,CDO
Sterkspruit,SKT,6,BFN
Sterkstroom,MAV,5,PTG
Sterkstroom,STK,8,BFN
Sterkwater,HBP,2,JNB
Sterkwater,MAP,3,PTG
Sterling,WLN,8,UTN
Stettyn,HMH,4,CPT
Steynsburg,SYG,7,BFN
Steynsdorp,HBK,4,NLP
Steynsrus,SYS,4,BEM
Steynville,HPT,4,KIM
Steytlerville,STV,5,PLZ
Stilbaai,SBI,4,GRJ
Stilfontein,SIF,1,KPR
Stinkoro,LAH,9,BFN
Stockdale,PEA,3,PLZ
Stoffberg,SOF,3,WIR
Stoffelsrivier,PTB,6,GRJ
Stofvlei,PLB,8,VDR
Stokwes Basin,ASK,8,BFN
Stomp,DNN,4,WIR
Stoney Croft,LAF,6,ELS
Stormberg,MOQ,8,BFN
Storms River Mouth Rest Camp,STR,6,PLZ
Stormsrivier,STR,6,PLZ
Stormsriviermond,STR,6,PLZ
Stormsvlei,BOV,5,CPT
Straatsdrif,GMO,4,RTR
Strand,STD,1,CPT
Strandfontein,PRP,5,VDR
STRANDFONTEIN,SFT,1,CPT
Strands Kloof,GAA,5,CPT
Strathmore,GNB,2,ELS
Stratweni,TSK,6,ELS
Strawberry Hill,BDL,6,GRJ
Struis Bay,STB,6,CPT
Strydenburg,STG,5,KIM
Strydkraal,LEB,3,PTG
Strydomsdrif,WPT,5,PTG
Strydomskraal,AGS,2,CDO
Strydpoort,OTD,3,KPR
Studtis,SDV,6,PLZ
Stutterheim,GBH,4,UTN
Stutterheim,SSH,4,ELS
Sugerbush,ROD,6,PSH
Suidestrand,LAG,6,CPT
Suid-Holland,LMB,3,PTG
Sulenkama,NTW,9,BFN
Summerfield,BSI,4,PSH
Sun City,SUN,2,RTR
Sundra,ELF,3,WIR
Sundumbili,ISB,4,DUR
Sundwana,NTS,4,ELS
Sundwane,ENG,4,ELS
Sunland,ADO,2,PLZ
Sunlands,BHD,2,PLZ
Sunnyside,BRS,3,ELS
Sunnyside,CRN,2,BEM
Sunrise,NQT,4,NCS
Sunrise-On-Sea,GNB,2,ELS
Sunwich Port,PSH,1,PSH
Sutelong,MBU,4,RTR
Sutherland,STH,8,CPT
Sutton,DEG,7,KIM
Suurberg,ANN,4,PLZ
Suurbraak,BDL,6,GRJ
Suurfontein,GRF,3,RTR
Swaershoek,MOM,1,CDO
Swajane,SEE,5,PTG
SWAKOPMUND,SWP,8,WDH
Swale,PEG,6,NLP
Swallow's Rest,QQD,6,ELS
Swane,NGB,4,PSH
Swartberg,SRB,5,PSH
Swartbooistad,PVR,3,JNB
Swartboom,RAD,4,JNB
Swartdam,MBP,3,JNB
Swartklip,SWK,4,RTR
Swartklip,DVT,4,GRJ
Swartkop,HWR,3,DUR
Swartkop,ODD,6,UTN
Swartkoppies,MAK,1,RTR
Swartlaagte,SKT,6,BFN
Swartmodder,SWM,6,UTN
Swartplaas,MRN,3,RTR
Swartputs,SWA,4,KIM
Swartruggens,SWU,3,RTR
Swartwater,SWW,6,PTG
Swaswuba,HAD,9,BFN
Swayimana,WBG,3,DUR
SWAZILAND OTHER,OSW,10,MBE
Swazini,LAH,9,BFN
Swazini,NSL,6,PSH
Sweet Home,MDT,4,ELS
Swekileni,NCO,5,ELS
Swellendam,SWD,6,CPT
Swempoort,DDX,8,BFN
Swinburne,SWN,4,BEM
Sybrandskraal,KLA,4,WIR
Sycamore,AIR,3,NLP
Syferfontein,HLO,5,WIR
Syferfontein,PCM,2,KPR
Syfergat,MOQ,8,BFN
Syferklaar,RAD,4,JNB
Taaiboschgroet,DGR,5,PTG
Taaiboschspruit,FCR,4,JNB
Tabane,SLS,3,BFN
Tabankulu,TNZ,5,ELS
Tabase,QQD,6,ELS
Tabase,TIN,7,PSH
Tabase Mission,UTT,1,ELS
Tabata,BLY,8,BFN
Table Mountain,WBG,3,DUR
Tafalehashi,OLM,3,ELS
Tafalibanzi,FLG,5,ELS
Tafani,MAI,1,ELS
Tafani,MAI,1,ELS
Tafelberg,CNY,3,CDO
Tafelkop,MTT,4,WIR
Tafeni,CHM,2,ELS
Tafeni,CRY,3,ELS
Tafeni,DBZ,3,ELS
Tafeni,DTF,5,CDO
Tafeni,ELD,2,ELS
Tafeni,GAO,8,BFN
Tafeni,LBD,2,ELS
Tafeni,QOM,5,ELS
Tainton,CIA,2,ELS
Takaneng,MKG,5,KIM
Takapori,MTV,4,KIM
Takataka,MLT,5,WIR
Takazi,QOM,5,ELS
Tala,FLG,5,ELS
Tala,OLM,3,ELS
Taleni,BRV,8,BFN
Taleni,CVB,5,ELS
Taleni,EBE,4,ELS
Taleni,FDD,4,PSH
Taleni,FLG,5,ELS
Taleni,GVE,6,PSH
Taleni,NGQ,2,ELS
Taleni,QBA,8,BFN
Talla,EXC,3,BFN
Tamara,DBZ,3,ELS
Tamasikwa,MKG,5,KIM
Tambani,BHD,2,PLZ
Tambo Village,WIS,6,ELS
Tamboekievlei,LID,5,CDO
Tantanana,BSS,1,RTR
Taolelo,MNE,5,KPR
Tapoleng,SKT,6,BFN
Tarkastad,TAS,4,CDO
Tarsvaly,CRI,5,DUR
Taulome,HLR,4,PTG
Taung,TAU,5,KIM
Taung,MTA,2,PTG
Taung Station,MTV,4,KIM
Tautesberg,HLO,5,WIR
Tawe,BMA,2,PSH
Taylerville,NML,6,PSH
Taylor's Halt,RMD,3,DUR
Teba,FBF,5,ELS
Teebus,SYG,7,BFN
Teko,QBQ,4,ELS
Teko Filha,QBQ,4,ELS
Teko Springs,QBQ,4,ELS
Teko-Kona,QBQ,4,ELS
Tekwini,NSL,6,PSH
Telani,LBD,2,ELS
Telezini,NTB,4,NCS
Temba,BBG,3,JNB
Tembeni,CIO,4,ELS
Tembeni,FLG,5,ELS
Tembeni,MTF,5,ELS
Tembisa,CAV,1,JNB
Tembisa,BUP,7,BFN
Tembu,BFV,4,ELS
Tembukazi,NSL,6,PSH
Tenbosch,MRL,4,NLP
Tentergate,TSK,6,ELS
Terateng,SET,4,JNB
Terra Firma,POF,8,KPR
Teslaarsdal,SFD,4,CPT
Teviot,HFM,3,CDO
TEYATEYANENG,TNG,2,MSU
Teza,KMB,2,EMG
Thaba Bosiu,PJB,4,BEM
Thaba Chitja,TIN,7,PSH
Thaba Lesoba,SKT,6,BFN
Thaba Nchu,TCR,3,BFN
Thaba Phatshwa,GFS,3,BFN
Thaba Tshweu,PJB,4,BEM
Thabakhubedu,DNN,4,WIR
Thabakhubelu,LOP,9,BFN
Thabaleboto,HLO,5,WIR
Thabamoopo,LEW,2,PTG
Thabampshe,JFH,4,PTG
Thabana Tshoana,TIN,7,PSH
Thabanapitsi,GPS,3,PTG
Thabantsho,PEG,6,NLP
Thabaputsoa,MTF,5,ELS
Thaba-Sione,DEP,5,KPR
Thabatshweu,JFH,4,PTG
Thabazimbi,TZB,4,RTR
Thabazini,NCO,5,ELS
Thabekhulong,JFH,4,PTG
Thabeng,ATL,3,RTR
Thabeng,HLO,5,WIR
Thabeng,KNP,7,PSH
Thabong,ALA,5,BFN
THABONG,THA,1,KPR
Thafa-Lofefe,MNB,5,ELS
Thakazele,HBN,4,NCS
Thakgalane,SMC,3,PTG
Thaleni,OLB,7,PSH
Thamagane,LEB,3,PTG
Thamarha,DBZ,3,ELS
Thambokhulu,TGW,4,NLP
Thamoeache,SDL,6,KIM
Thandani,KLT,5,PTG
Thapelang,VSR,4,BFN
The Aloes,BCB,1,ELS
The Claims,KGA,4,ELS
The Crags,CRG,4,GRJ
The Downs,BRG,5,NCS
The Downs,OFL,5,PTG
The Fazenda,SWD,6,CPT
The Fountains,UMZ,5,DUR
The Grove,MRR,4,DUR
The Haven,HOB,4,ELS
The Hermitage,ADO,2,PLZ
The Mission,LAF,6,ELS
The Ridge,HHR,4,DUR
The Ridges,NQI,2,PSH
The Vale,SSH,4,ELS
The Vlei,HLC,5,PSH
Thekwane,MAK,1,RTR
Thelesho,LOT,5,KPR
Thembalesizwe,ADW,7,CDO
Thembalethu,PDP,1,GRJ
Thembalethu,EZI,4,ELS
Thembalethu,KLA,4,WIR
Thembalihle,VDE,4,NCS
Thembeni,QMB,3,ELS
Thembeni,TIN,7,PSH
Thembisa,SMC,3,PTG
Thenga,BCH,4,PTG
Thengwe,MAT,6,PTG
Thengwe,MAT,6,PTG
Theron,THN,4,BFN
Theunissen,THN,4,BFN
Thibela,PJB,4,BEM
Thiel,TSP,5,PTG
Thistles,NQI,2,PSH
Thlabolagang,COL,3,KPR
Thohoyandou,THO,5,PTG
Thokane,PEG,6,NLP
Thokazi,NON,4,EMG
Thokoza,KLA,4,WIR
Tholeni,ROD,6,PSH
Tholongwe,MKW,2,PTG
Tholulywazi,PGL,6,NCS
Thomeng,MKG,5,KIM
Thomo,GIY,5,PTG
Thondoni,MUE,7,PTG
Thongani,MAT,6,PTG
Thonjeni,RVS,5,DUR
Thononda,DZN,5,PTG
Thorn Park,MDT,4,ELS
Thorndale,IZN,2,PSH
Thorndale,TML,4,NLP
Thorndale,MAH,2,RTR
Thorneycroft,BWP,4,CDO
Thornham,STR,6,PLZ
Thornhill,BWP,4,CDO
Thornhill,THL,2,PLZ
Thornlands,WPT,5,PTG
Thorny Croft,NCH,2,PLZ
Thorp,TOL,5,PTG
Thothlokwe,HLR,4,PTG
Thothololo,SMC,3,PTG
Thoto,GLC,4,PTG
Thovhalas-Kraal,EMH,4,PTG
Thoyana,AZT,2,DUR
Three Sisters,TRS,8,GRJ
Thsehlwaneng,JFH,4,PTG
Thubelihle,KRI,2,WIR
Thubeni,MNB,5,ELS
Thukrwini,BTV,1,ELS
Thulamahaxi,THU,4,NLP
Thulani,TML,4,NLP
Thulini,HBD,2,PSH
Thulwe,PVR,3,JNB
Thungana,ELD,2,ELS
Thusalashaka,THO,5,PTG
Thusong,MOO,5,KPR
Thuthukani,BIM,5,NCS
Thutlane,MGL,4,PTG
Thutlwane,SGE,5,KPR
Thwa,MFF,4,ELS
Tibane,GLL,3,PTG
Tidimalo,DLH,3,KIM
Tiekiedraai,LEB,3,PTG
Tierberg,OTS,6,CDO
Tierfontein,TRF,4,BFN
Tierkloof,VRU,6,KPR
Tierpoort,KFR,2,BFN
Tierpoort,CAV,1,JNB
Tiger River,SLS,3,BFN
Tigerhoek,SNW,5,DUR
Tikwana,HST,5,BFN
Timani,IDY,4,ELS
Timbadola,LEV,5,PTG
Tina Bridge,QMB,3,ELS
Tina Falls,QMB,3,ELS
Tina Hill,MFF,4,ELS
Tinana,TIN,7,PSH
Tinana,ELH,9,BFN
Tinley Manor Beach,SHA,3,DUR
Titibe,SOM,2,PTG
Tiwane,GAO,8,BFN
Tjakastad,ELU,4,NLP
Tladistad,PVR,3,JNB
Tlakgameng,LGH,7,KPR
Tlakong,SKT,6,BFN
Tlame,GLC,4,PTG
Tlankaneng,SKT,6,BFN
Tlapa,MAK,1,RTR
Tlapeng,GMP,7,KIM
Tlapeng,GNY,8,KPR
Tlapeng,MMB,5,KPR
Tlapeng,TLA,5,KIM
Tlapeng,MMB,5,KPR
Tlaseng,BSS,1,RTR
Tlhakajeng,MNE,5,KPR
Tlhakgameng,LGH,7,KPR
Tlhaping,MBO,5,KPR
Tlhatlhaganyane,MAB,3,RTR
Tlhavekisa,TML,4,NLP
Tlhogoyanku,GLL,3,PTG
Tlholwe,MBU,4,RTR
Tlhona,DGR,5,PTG
Tlokoeng,KNP,7,PSH
Tlokweng,RVB,3,RTR
Tobolsk,BCE,5,NCS
Toboshane,BWH,4,ELS
Toekomsrus,RDF,3,JNB
Toeslaan,GNE,3,UTN
Tokoza,ABT,1,JNB
Tokwana,LOP,9,BFN
Tokwana,TIN,7,PSH
Tolen Ngobozi,EZI,4,ELS
Toleni,EZI,4,ELS
Tolwe,TOL,5,PTG
Tom Burke,TMB,6,PTG
Tombo,NSL,6,PSH
Tompi Seleka,MGY,4,PTG
Tonga,TGW,4,NLP
Tongaat,TON,2,DUR
Tongaat Beach,TON,2,DUR
Tontelbos,KTK,8,UTN
Tonti,FLG,5,ELS
Tonti,MTY,5,ELS
Tonti,OLB,7,PSH
Tooseng,LEB,3,PTG
Tora,TSL,2,ELS
Tosca,TOS,8,KPR
Touwsrivier,TOW,5,CPT
Towerfontein,DGR,5,PTG
Trafalgar,RMG,1,PSH
Travellers,KUM,9,BFN
Trawal,KLV,5,VDR
Trichardt,TIT,3,WIR
Trichardtsdal,OFL,5,PTG
Triple Streams,KTP,9,BFN
Trompsburg,TPR,4,BFN
Trooilapspan,DAB,2,UTN
Trumpeter's Post,BWY,5,RTR
Trust,IDA,8,BFN
Trust Feed,WBG,3,DUR
Tsaba,CHM,2,ELS
Tsaelengwe,KAM,6,KIM
Tsakana,CVB,5,ELS
Tsakane,DDZ,3,JNB
Tsakani,ACH,4,NLP
Tsamaros,KAM,6,KIM
Tsao,PEG,6,NLP
Tsatsana,ELH,9,BFN
Tsaula,CLD,6,DUR
Tsawalayo,BRV,8,BFN
Tsawana,BZN,3,PSH
Tsazo,ENG,4,ELS
Tsebishi,MWL,3,PTG
Tsekong,MAF,6,PSH
Tsekong,MTF,5,ELS
Tsembeyi,BRV,8,BFN
Tsengiwe,LUF,9,BFN
Tsenzhelani,MUE,7,PTG
Tseoge,POF,8,KPR
Tsetse,BWY,5,RTR
Tshabaqu,TSO,5,ELS
Tshabelane,MAM,4,PTG
Tshakhuma,LEV,5,PTG
Tshali,EBE,4,ELS
Tshamahansi,MWL,3,PTG
Tshamavhudzi,MUE,7,PTG
Tshamazimba,BRV,8,BFN
Tshamulumbwi,MAT,6,PTG
Tshamulumbwi,MAT,6,PTG
Tshamutavha,MUE,7,PTG
Tshandama,MKO,6,PTG
TSHANENI,TNI,4,MBE
Tshangana,CVB,5,ELS
Tshani,CFB,4,ELS
Tshanowa,SIB,5,PTG
Tshantshala,QMB,3,ELS
Tshaphasha,MKO,6,PTG
Tshatane,JFH,4,PTG
Tshate,PEG,6,NLP
Tshatsheni,NSL,6,PSH
Tshatshu,BOA,6,ELS
Tshatshu,STM,5,ELS
Tshaulu,MKO,6,PTG
Tshebeng,MSH,2,PTG
Tshedza,LEV,5,PTG
Tshelamfake,WPT,5,PTG
Tsheleni,HHR,4,DUR
Tshelomnyama,PIN,1,DUR
Tshemese,UTT,1,ELS
Tshepiso,VDB,4,JNB
Tshepisong,RDP,1,JNB
Tshetshengwane,TSO,5,ELS
Tshetshu,MRK,8,KPR
Tshiavha,SIB,5,PTG
Tshibvumo,MKO,6,PTG
Tshidilamolomo,GEM,7,KPR
Tshidongololwe,MAT,6,PTG
Tshidzini,MKO,6,PTG
Tshidzivhe,SIB,5,PTG
Tshiendeulu,DZN,5,PTG
Tshiendeulu,EMH,4,PTG
Tshifhedzakhanga,LEV,5,PTG
Tshifhire,DZN,5,PTG
Tshififi,SIB,5,PTG
Tshifudi,MKO,6,PTG
Tshiheni,SIB,5,PTG
Tshikambe,SIB,5,PTG
Tshikanosi,NUF,5,JNB
Tshikaro,HAD,9,BFN
Tshikondeni,TKN,6,PTG
Tshikondeni Mine,TKN,6,PTG
Tshikonelo,MLM,6,PTG
Tshikota,LTT,4,PTG
Tshikundu,MLM,6,PTG
Tshikuwi,ORW,4,PTG
Tshikuyu,MUE,7,PTG
Tshikwarani,HMG,4,PTG
Tshilapfene,SIB,5,PTG
Tshilapfene,SIB,5,PTG
Tshilungwi,SIB,5,PTG
Tshing,VSD,4,RTR
Tshinira,ALD,3,ELS
Tshiombo,MKO,6,PTG
Tshiozwi,AFB,4,PTG
Tshipale,MUE,7,PTG
Tshiphuseni,LEV,5,PTG
Tshipise,TSP,5,PTG
Tshirolwe,DZN,5,PTG
Tshisabantu,LBD,2,ELS
Tshisane,KNP,7,PSH
Tshiswenda,DZN,5,PTG
Tshitale,SMC,3,PTG
Tshitavha,LEV,5,PTG
Tshituni,DZN,5,PTG
Tshituni,DZN,5,PTG
Tshiungani,MAT,6,PTG
Tshivaloni,MUE,7,PTG
Tshivangani,KLT,5,PTG
Tshivhade,BCH,4,PTG
Tshivhase,MAT,6,PTG
Tshivhase,SIB,5,PTG
Tshivhase,SIB,5,PTG
Tshivhumbe,THO,5,PTG
Tshivhungweni,MAT,6,PTG
Tshivhuyuni,EMH,4,PTG
Tshixwadya,SIB,5,PTG
Tshokwane,SKZ,4,NLP
Tshoma,IDY,4,ELS
Tshonono,HLB,4,EMG
Tshontini,OLM,3,ELS
Tshotsheni,NSL,6,PSH
Tshoxa,KEK,4,ELS
Tshungwana,FDD,4,PSH
Tshunyane,LOT,5,KPR
Tshwara,GKA,2,JNB
Tshware,LEW,2,PTG
Tshwaro,MBL,4,RTR
Tshwene,GKK,2,PTG
Tsiame A,HRS,4,BEM
Tsiame B,HRS,4,BEM
Tsibeng,HNB,3,PTG
Tsidintsing,PEG,6,NLP
Tsilwana,ANS,8,UTN
Tsimanyane,MGY,4,PTG
Tsineng,LKG,8,UTN
Tsineng-Kop,LKG,8,UTN
Tsita,MAF,6,PSH
Tsitsa Bridge,QMB,3,ELS
Tsitsikama,TSK,6,ELS
Tsitsing,BSS,1,RTR
Tsitsong,LEH,6,PSH
Tsitsong,MAF,6,PSH
Tsoelike,ELH,9,BFN
Tsojana,GAR,5,ELS
Tsokonyane,TAU,5,KIM
Tsolo,TSL,2,ELS
Tsolobeng,MTF,5,ELS
Tsolokazi,BOA,6,ELS
Tsomo,NQK,4,ELS
Tsomo,TSO,5,ELS
Tsomo,TSO,5,ELS
Tsomo Mission,TSO,5,ELS
Tsongeni,UTT,1,ELS
TSUMEB,TSB,9,WDH
Tswaaneng,MWS,3,RTR
Tswafeng,BOS,4,NLP
Tswaing,LEB,3,PTG
Tswaraganang,DSV,3,BFN
Tswatago,MGY,4,PTG
Tswatsane,BOC,3,PTG
Tswelelang,WMD,3,KPR
Tsweleni,LSK,4,ELS
Tsweleni,NSL,6,PSH
Tswenyane,BRD,5,NLP
Tswera,MKO,6,PTG
Tswetlane,BGF,5,PTG
Tuam,MDD,1,NCS
Tubatse,KNV,5,PTG
Tubex,HNB,3,PTG
Tugela,NRK,4,DUR
Tugela Estates,WNN,5,NCS
Tugela Ferry,KTD,5,DUR
Tugela Mouth,NRK,4,DUR
Tuinplaas,NUF,5,JNB
Tukakgomo,SEE,5,PTG
Tukela,BTV,1,ELS
Tuku,BEL,3,ELS
Tulbagh,TUW,4,CPT
Tungwana,ELD,2,ELS
Tungweni,NOT,8,PSH
Tunxe,UTT,1,ELS
Tunzini,ELD,2,ELS
Turndale,ENG,4,ELS
Turton,HBD,2,PSH
Tussenby,NLZ,4,EMG
Tutaneng,MAF,6,PSH
Tuteng,TIN,7,PSH
Tutuka,BIM,5,NCS
Tutura,QBQ,4,ELS
Tuwa,BEL,3,ELS
Twane,NBE,2,ELS
Twazi,FLG,5,ELS
Twecu,CHM,2,ELS
Twecwana,CHM,2,ELS
Twee Riviere,JBT,6,PLZ
Twee Rivieren,SWM,6,UTN
Tweedie,HWR,3,DUR
Tweefontein,GFS,3,BFN
Tweefontein,BHS,3,JNB
Tweefontein,BTD,4,PSH
Tweefontein,CLV,2,WIR
Tweefontein,KLA,4,WIR
Tweefontein,DBO,8,CPT
Tweefontein,PTG,1,PTG
Tweeling,TWG,3,BEM
Tweelingspan,MSV,5,KIM
Tweerivier,KBG,8,VDR
Tweeside,PRM,6,CPT
Tweespruit,TST,3,BFN
Twezana,BRS,3,ELS
Twoline,SBW,4,WIR
Tyabana,TSO,5,ELS
Tyalara,BXS,3,ELS
Tyara,LBD,2,ELS
Tyata,BEL,3,ELS
Tyatyora,FBF,5,ELS
Tyelebane,CRY,3,ELS
Tyeni,CRY,3,ELS
Tyeni,DBZ,3,ELS
Tyeni,KTP,9,BFN
Tyholo,ALD,3,ELS
Tyholom,EBE,4,ELS
Tyhusha,CHM,2,ELS
Tyindeni,NQK,4,ELS
Tyinindini,SKT,6,BFN
Tyinira,EZI,4,ELS
Tyityaba,BEL,3,ELS
Tyityane,GVE,6,PSH
Tylden,BOA,6,ELS
Tyndall,MGW,4,ELS
Tyolo,ELD,2,ELS
Tyusha,BRS,3,ELS
Tyutyutyu,BOA,6,ELS
Tyutyutyu,LAF,6,ELS
Tywini,LAN,3,ELS
Tzaneen,TZN,4,PTG
Ubombo,MKD,5,EMG
Ugie,UGE,3,ELS
Uitenhage,UTH,2,PLZ
Uitkeer,SEO,5,PLZ
Uitkyk,MOO,5,KPR
Uitkyk,MBL,4,RTR
Uitkyk,DOV,3,KPR
Uitkyk,GAM,8,UTN
Uitkyk Noord,OZI,1,NCS
Uitkyk Suid,OZI,1,NCS
Uitsig,ELG,4,NCS
Uitspanberg,FSF,6,UTN
Uitspankraal,DSO,6,VDR
Uitspanning A,DNN,4,WIR
Uitspanning B,DNN,4,WIR
Uitval,HPM,4,NCS
Uitvlug,MDL,5,UTN
Uitvlugt,NUF,5,JNB
Uitzicht,MGL,4,PTG
uLahlangubo,NTS,4,ELS
uLahlangubo,QBA,8,BFN
Ulco,ULO,3,KIM
Ulundi,ULD,4,EMG
Ulundi,ELH,9,BFN
uMangathi,IDY,4,ELS
uMasizakhe,GRT,4,CDO
Umbulwana,LAY,4,NCS
Umbumbulu,UML,2,DUR
Umdloti,VAM,2,DUR
Umdoni,UZO,4,DUR
Umfanta,MTF,5,ELS
Umgababa,AZT,2,DUR
Umgai,UZO,4,DUR
Umgomanzi,EZI,4,ELS
Umhlali,UMI,3,DUR
Umhlanga,VAM,2,DUR
Umhlatuzi Valley,FXT,1,EMG
Umkomaas,SOG,3,DUR
Umlazi,IPG,2,DUR
Umnga Flats,KUM,9,BFN
Umngazi Mouth,PSJ,3,ELS
uMntla,BWH,4,ELS
uMntla,NTS,4,ELS
uMnyama,QBQ,4,ELS
uMshwathi,FNS,3,DUR
Umtentweni,PSH,1,PSH
Umtweni,GVE,6,PSH
Umvotikloof,AHR,5,DUR
uMzantsi,BWH,4,ELS
uMzantsi,DBZ,3,ELS
uMzantsi,GAR,5,ELS
uMzantsi,NTS,4,ELS
uMzantsi,TSO,5,ELS
uMzantsi,BWH,4,ELS
uMzantsi,BWH,4,ELS
Umzimkulu,UMZ,5,DUR
Umzinto,UZO,4,DUR
Umzokhanyoya,BSI,4,PSH
uMzumbe,HBD,2,PSH
uMzumbe,STF,3,PSH
Underberg,UBR,5,DUR
Uniondale,UDL,4,GRJ
Uniondale,TNZ,5,ELS
Upington,UTN,2,UTN
Uplands,LEH,6,PSH
Upper Cala,GAO,8,BFN
Upper Centuli,BYI,2,ELS
Upper Cezu,MAI,1,ELS
Upper Didimana,TSK,6,ELS
Upper Kroza,QMB,3,ELS
Upper KuSabalele,STM,5,ELS
Upper Kuzangqokwe,TSK,6,ELS
Upper Lufuta,LUF,9,BFN
Upper Lwandlana,QMB,3,ELS
Upper Mbulukweza,TSO,5,ELS
Upper Mjika,TSL,2,ELS
Upper Mkata,LSK,4,ELS
Upper Mtombe,KWT,3,ELS
Upper Mvenyane,CED,6,PSH
Upper Ncise,UTT,1,ELS
Upper Ndonga,LAF,6,ELS
Upper Ndwana,GAO,8,BFN
Upper Ngonyama,QQD,6,ELS
Upper Ngqumeya,KEK,4,ELS
Upper Nqolosa,CVB,5,ELS
Upper Rolweni,MTL,6,PSH
Upper Sevenkloofs,MDT,4,ELS
Upper Telle,LDN,7,BFN
Upper Tsitsana,ELH,9,BFN
Upper Xolobe,CVB,5,ELS
USAKOS,UKS,6,WDH
Usutu,KOP,6,PTG
Utlawanang,CSN,4,KIM
Utlha,TML,4,NLP
Utrecht,UCT,2,NCS
Utsane,MSH,2,PTG
Uvongo,UVG,1,PSH
Vaal Marina,ORV,5,JNB
Vaal Reefs South,OKY,1,KPR
Vaal Reefs SP Outlying 1,SIF,1,KPR
Vaal Reefs SP Outlying 2,SIF,1,KPR
Vaalbank,PHK,4,PTG
Vaalbank,SBW,4,WIR
Vaalboschhoek,SHL,4,KIM
Vaal-Gamagara,DLH,3,KIM
Vaalhoek,VAH,4,NLP
Vaalklop,MSH,2,PTG
Vaalkop,WAS,4,NCS
Vaalnek,AMA,3,ELS
Vaaltyn,LMJ,4,KIM
Vaalwater,VLR,5,PTG
VAL,VAL,5,JNB
Valdezia,BCH,4,PTG
Valspan,JKP,4,KIM
Valsrivier,BEM,1,BEM
Van der Merwes Kraal,GPS,3,PTG
Van Dyks,CLV,2,WIR
VAN DYKSDRIFT,VYF,3,WIR
Van Leeuwen,WPT,5,PTG
Van Reenen,SWN,4,BEM
Van Rooyen,DNE,3,NCS
Van Stadensriviermond,THL,2,PLZ
Van Stadensrus,VSR,4,BFN
Van Wyksdorp,LGB,8,CPT
Van Wyksput,KLB,2,PTG
Van Wyksvlei,VWV,7,UTN
Van Zylsrus,ANS,8,UTN
Vanderbijlpark,VDB,4,JNB
Vanderkloof,VDK,5,KIM
Vanrhynsdorp,VRD,6,VDR
Vant's Drift,RKD,4,NCS
Vapi,IDY,4,ELS
VEGKOP,VEG,7,BEM
Velddrift,VLF,1,VDR
Vensterskroon,RZB,3,KPR
Ventersburg,VBG,5,BFN
Ventersdorp,VSD,4,RTR
Ventersdraai,VSD,4,RTR
Venterspost,WTI,3,JNB
Venterstad,VSS,6,BFN
Venus,MTA,2,PTG
Verdriet,HSP,2,NCS
Verdwaal,ITS,4,KPR
Vereeniging,VER,4,JNB
Verena,VRN,2,WIR
Vergeled,TOS,8,KPR
Vergelegen,JFH,4,PTG
Vergelegen,TOL,5,PTG
Verkeerdevlei,VKD,3,BFN
Verkykerskop,VKP,4,BEM
Vermaaklikheid,WIT,5,GRJ
Vermaas,GDY,3,KPR
Vermiljoenskuil,LEH,6,PSH
Verners,BFV,4,ELS
Vernon's Post,NGG,2,ELS
Verster,BSP,8,CDO
Verulam,VAM,2,DUR
Vezubuhle,KLA,4,WIR
Vhutalu,SIB,5,PTG
Vianen,MKN,4,PTG
Victor Verster,KLK,3,CPT
Victoria Bay,WLR,1,GRJ
Victoria West,VCW,8,KIM
Viedgesville,MAI,1,ELS
Vier-en-Twintig Riviere,VLR,5,PTG
Vierfontein,VTN,2,KPR
Vierhoek,MUN,3,PTG
Vierkant,BSI,4,PSH
Vilani,NON,4,EMG
Viljoensdrif,VER,4,JNB
Viljoenshof,ELI,5,CPT
Viljoenskroon,VJK,2,KPR
Villa Nora,OVY,5,PTG
Villiers,VIL,5,JNB
Villiersdorp,VDP,4,CPT
Vilo,NSL,6,PSH
Vineyard,AWL,6,BFN
Vinitshi,NOT,8,PSH
Violet Bank,BOS,4,NLP
Violet Bank,ACH,4,NLP
Vioolsdrif,VIO,9,UTN
Virginia,VGA,4,BFN
Viskuil,KLB,2,PTG
Viskuil,LGR,7,CPT
Visrivier,FIS,2,CDO
Vivo,VIV,4,PTG
Vlakbult,TGW,4,NLP
Vlakfontein,LMB,3,PTG
Vlakfontein,VRN,2,WIR
Vlakfontein,MGL,4,PTG
Vlaklaagte,KLA,4,WIR
Vlaklaagte,KLA,4,WIR
Vlaklaagte,OZI,1,NCS
Vlakplaas,HBK,4,NLP
Vlakplaas,LEB,3,PTG
Vlakplaas,VDB,4,JNB
Vlees Bay,JOP,3,GRJ
Vleidam,AKR,5,GRJ
Vleifontein,EMH,4,PTG
Vleifontein,LGR,7,CPT
Vleiland,RXP,8,CPT
Vleiplaas,BDL,6,GRJ
Vodlvlei,GDA,4,CPT
Voetpad,LDR,3,NLP
Vogellvlei,ELI,5,CPT
Volksrust,VRR,2,NCS
Volmoed,DHP,3,GRJ
Volop,BGB,5,UTN
Volstruisleegte,SMK,5,GRJ
Voltargo,KEN,2,WIR
Vondwe,SIB,5,PTG
Voordenker,MBL,4,RTR
Voorsorg,RWV,4,CPT
Voorspoed,CFT,8,KPR
Voortrekkers,BRD,5,NLP
Vooruitsig,MGY,4,PTG
Vorstershoop,POF,8,KPR
Vosburg,VSB,8,KIM
Vosloorus,ABT,1,JNB
Voveni,ROD,6,PSH
Voyizana,DBK,4,DUR
Voyizane,SKT,6,BFN
Vrede,VDE,4,NCS
Vrede,HBN,4,NCS
Vrede,RVB,3,RTR
Vredefort,VRF,4,KPR
Vredenburg,VDR,1,VDR
Vredendal,VRE,5,VDR
Vredendal,BTS,3,CPT
Vreedsaam,MUN,3,PTG
Vrieskraal,SBW,4,WIR
Vrischgewaagd,VRN,2,WIR
Vroeggedeel,MSW,5,UTN
Vrolik,OFH,7,KIM
Vrouenspan,SWM,6,UTN
Vryburg,VRU,6,KPR
Vryheid,VYD,4,NCS
Vryheid,HGB,4,ELS
Vryheid,LUV,6,PLZ
Vrystad,TSO,5,ELS
Vuhehli,NKO,5,PTG
Vuka,DNN,4,WIR
Vuka,WBG,3,DUR
Vukaphansi,DLL,5,EMG
Vukaphansi,TML,4,NLP
Vukuza,CVB,5,ELS
Vukuzakhe,VRR,2,NCS
Vukuzenzele,MNI,4,NCS
Vulamehlo,UZO,4,DUR
Vulcan,ULD,4,EMG
Vuleka,NKA,4,EMG
Vulhmenlo,BCE,5,NCS
Vulindlela,FXT,1,EMG
Vumakwenza,RMD,3,DUR
Vumankala,CAL,4,NCS
Vumengazi,UML,2,DUR
Vuvha,MAT,6,PTG
Vuvu,ELH,9,BFN
Vuwani,KLT,5,PTG
Vuyolwetho,STV,5,PLZ
Vyeboom,KLT,5,PTG
Vyeboom,EGN,3,CPT
Waca,BTV,1,ELS
Waenhuiskrans,WAE,6,CPT
Wagenaarskraal,SNK,8,GRJ
Wagendrift,HMG,4,PTG
Wakkerstroom,WKR,3,NCS
Wakkerstroom,AST,5,CPT
Walagbie,OZI,1,NCS
Walaza,SKT,6,BFN
Wales,ACH,4,NLP
Walkerville,MTN,3,JNB
Walkraal,RZB,3,KPR
Wallekraal,HKB,9,VDR
Walman,RAD,4,JNB
Walton,HRS,4,BEM
WALVIS BAY,WVB,8,WDH
Wanda,ROP,4,KIM
Waqu,NBE,2,ELS
Waqu,CHC,4,ELS
Warburton,WRB,5,WIR
Warden,WAN,3,BEM
Warmwaterberg,LEM,6,GRJ
Warrenton,WAR,3,KIM
Wartburg,WBG,3,DUR
Warwick,SHA,3,DUR
Wasbank,WAS,4,NCS
Waschbank,BSI,4,PSH
Washbank,MTA,2,PTG
Washington,KAM,6,KIM
Waterfall,BRV,8,BFN
Waterford,GRY,4,PLZ
Waterkloof,PLS,5,BFN
Waterkloof,RTR,1,RTR
Waterlea,HFM,3,CDO
Waterpan,WTI,3,JNB
Waterpoort,WER,5,PTG
Watersmeet,DNF,4,NCS
Watersmeet,FKN,5,PSH
Waterton,DBK,4,DUR
Waterval,RTR,1,RTR
Waterval,GLL,3,PTG
Waterval,SBW,4,WIR
Waterval Boven,WTB,3,NLP
Waterval-Onder,WTB,3,NLP
Wattville,BNI,1,JNB
Wavecrest,QOM,5,ELS
Waybank,LID,5,CDO
Wayisi,BTV,1,ELS
Wayside,KPP,5,PLZ
Webesi,ECT,5,DUR
Wedela,CAR,4,JNB
Weenen,WNN,5,NCS
Wegdraai,GBH,4,UTN
Wegdraai,TOL,5,PTG
Wela,HLB,4,EMG
Welbedachtdam,VSR,4,BFN
Welbekend,ELF,3,WIR
Welcome Valley,IWE,6,ELS
Welcome Wood,CHM,2,ELS
Welgegund,HBP,2,JNB
Welgegund,RAD,4,JNB
Welgegund,AHR,5,DUR
Welgeled,VGA,4,BFN
Welgelegen,MGY,4,PTG
Welgevonden,VSD,4,RTR
Welgevonden,BEE,2,RTR
Welkom,WEL,5,BFN
Welkom,BCE,5,NCS
Wellington,WEG,3,CPT
Wellsdale,LID,5,CDO
Weltevrede,EMH,4,PTG
Weltevrede,PDD,5,PLZ
Weltevrede,EMH,4,PTG
Weltevreden,AGT,7,BFN
Weltevreden,DEP,5,KPR
Weltevreden,GLL,3,PTG
Weltevreden,RMD,3,DUR
Welverdiend,LOT,5,KPR
Welverdiend,OZR,4,JNB
Welverdiend,TML,4,NLP
Wepener,WPR,4,BFN
Wesley,BEL,3,ELS
Wesleyville,CHM,2,ELS
Wesselsbron,WLB,5,BFN
Wesselsnek,WAS,4,NCS
West Derby,MBS,6,KIM
Westbrook,TON,2,DUR
Westcliff,BUW,4,DUR
Westerberg,KOG,5,UTN
Western Deep Levels Mine,CAR,4,JNB
Westleigh,KRO,4,KPR
Westminster,WSM,4,BFN
Weston,HKY,4,PLZ
Westonaria,WTI,3,JNB
Westville,PIN,1,DUR
Weza,HGL,3,PSH
Weza,CIO,4,ELS
White River,WHI,2,NLP
Whitehill,MJN,6,CPT
Whites,HAN,5,BFN
Whitmore,NBE,2,ELS
Whittlesea,WIS,6,ELS
Whyte Bank,SPV,4,CDO
Wiegnaarspoort,RTB,6,GRJ
Wildebeeskraal,MRE,4,NLP
Wilderness,WLR,1,GRJ
Wilgerboomsrivier,NUY,4,CPT
Wilgerfontein,PZB,3,DUR
Wili,QOM,5,ELS
Williston,WLN,8,UTN
Willow Glen,SOG,3,DUR
Willow Park,SSH,4,ELS
Willow Springs,BWH,4,ELS
Willowbrook,STM,5,ELS
Willowmore,WME,5,GRJ
Willowvale,CIO,4,ELS
Wilo,OLM,3,ELS
Winburg,WGR,4,BFN
Wincanton,DEG,7,KIM
WINDHOEK,WDH,1,WDH
Windmeul,PAA,2,CPT
Windsor,TON,2,DUR
Windsorton,WIN,2,KIM
Windsorton Road,WIN,2,KIM
Winston Estate,STD,1,CPT
Wintershoek,DON,3,WIR
Winterton,WNO,5,NCS
Wirsing,MBO,5,KPR
Wisconsin,BTK,4,PTG
Witbank,DAA,8,UTN
Witcons,CLV,2,WIR
Witkleigat,NVD,5,RTR
Witkop,NQT,4,NCS
Witmos,DGG,3,CDO
Witpan,DEP,5,KPR
Witpoort,WTP,3,KPR
Witpoort,WPT,5,PTG
Witpoort,BSG,1,KPR
Witput,BLT,4,KIM
Witrand,KOS,3,RTR
Witsieshoek,PJB,4,BEM
Wittebergen,HSL,7,BFN
Wittedrif,PLE,4,GRJ
Witteklip,OZI,1,NCS
Witteklip,THL,2,PLZ
Witten,BOC,3,PTG
Wittenberg,PFR,5,NCS
Witwater,GVW,3,VDR
Witwater,KBG,8,VDR
Wodehouse,CVB,5,ELS
Wolfhuis,LPV,4,VDR
Wolmaransstad,WMD,3,KPR
Wolseley,WSY,4,CPT
Wolvenkop,VRN,2,WIR
Wolwefontein,KPO,4,PLZ
Wolwehoek,SBG,4,JNB
Wolwekraal,SBW,4,WIR
Wolwekrans,CLV,2,WIR
Wolwenfontein,LTX,4,KPR
Wolwespruit,DSV,3,BFN
Wonderboom,LEB,3,PTG
Wonderboom,LEB,3,PTG
Wonderfontein,RTK,3,WIR
Wonderhoek,SER,2,WIR
Wonderkop,SYS,4,BEM
Wonderkoppies,MAK,1,RTR
Wondermere,GMO,4,RTR
Wongalethu,KPP,5,PLZ
Woodbine,ZST,4,RTR
Woodbourne,KYL,3,GRJ
Woodbridge,MDS,3,BFN
Woodbridge,MDS,3,BFN
Woodford,BRG,5,NCS
Woodlands,PDD,5,PLZ
Woodlands,WTS,5,PLZ
Woodlands Mission,BRS,3,ELS
Wooldridge,BEL,3,ELS
Worcester,WOR,4,CPT
Worcester,HLR,4,PTG
Worcester,OFL,5,PTG
Woudkop,BLA,4,PTG
Wrightville,MTF,5,ELS
Wuppertal,SED,7,CPT
Wydgeled,SKK,6,CPT
Xabana,MFF,4,ELS
Xabane,TSL,2,ELS
Xabisweni,STM,5,ELS
Xalanga,CLR,8,BFN
Xaleni,TSK,6,ELS
Xamnyiba,TNZ,5,ELS
Xanthia,BOS,4,NLP
Xaswita,MLM,6,PTG
Xawela,NKO,5,PTG
Xawela,HLR,4,PTG
Xaxazana,KNP,7,PSH
Xeni,LAF,6,ELS
Xeni,MYU,3,ELS
Xhama,CHM,2,ELS
Xhangwo,KEK,4,ELS
Xholongada,NYK,4,ELS
Xhonyane,LLV,5,KIM
Xhumabokwe,DTF,5,CDO
Xibeni,BTV,1,ELS
Ximausa,HLR,4,PTG
Ximixweni,MLM,6,PTG
Xobo,EBE,4,ELS
Xobo,NQK,4,ELS
Xobojiyane,EBE,4,ELS
Xokozweni,FLG,5,ELS
Xolobe,CVB,5,ELS
Xongora,BYI,2,ELS
Xonxa,DTF,5,CDO
Xopo,TNZ,5,ELS
Xopozo,FLG,5,ELS
Xora,ALD,3,ELS
Xorana,NGQ,2,ELS
Xuka,LAN,3,ELS
Xuka Drift,CGL,3,ELS
Xukula,TNZ,5,ELS
Xukwane,DBZ,3,ELS
Xuma,BLY,8,BFN
Xume,TSO,5,ELS
Xurana,LSK,4,ELS
Xwili,BYI,2,ELS
Yalula,CAA,5,ELS
Yonda,TSK,6,ELS
York,WBG,3,DUR
Yoxford,MDS,3,BFN
Ysterklip,HAW,3,CPT
Yzerfontein,YFN,4,CPT
Yzerspruit,HSB,2,KPR
Zabasa,KUM,9,BFN
Zadungeni,UMZ,5,DUR
Zadungeni,ENG,4,ELS
Zadungeni,FLG,5,ELS
Zagwiti,BWH,4,ELS
Zaidonini,HLB,4,EMG
Zalara,DBZ,3,ELS
Zalaza,BFV,4,ELS
Zalo,MNB,5,ELS
Zama,ROD,6,PSH
Zamdela,SBG,4,JNB
Zamenzima,RVS,5,DUR
Zanci,MAI,1,ELS
Zandukwane,MTM,1,ELS
Zane,UMZ,5,DUR
Zangwa,EZI,4,ELS
Zaohele,BCE,5,NCS
Zashuke,DBK,4,DUR
Zastron,ZRN,5,BFN
Zazingeni,LEH,6,PSH
Zazulwana,LEH,6,PSH
Zazulwana,BWH,4,ELS
Zebediela,ZEB,3,PTG
Zeekoegat,CUR,3,PTG
Zeerust,ZST,4,RTR
Zele,BRS,3,ELS
Zenkawu,CFB,4,ELS
Zenzele,FXT,1,EMG
Zenzeleni,WAN,3,BEM
Zenzwa,BOA,6,ELS
Zibangeni,MGH,4,PSH
Zibunu,KTI,4,ELS
Zicubeni,CVB,5,ELS
Zidulini,TSO,5,ELS
Zighamnganeni,NTS,4,ELS
Zigodlo,KWA,4,ELS
Zihasini,BYI,2,ELS
Zihlahleni,DBZ,3,ELS
Zikalini,LEH,6,PSH
Zikova,HMB,2,ELS
Zikwaba,MAC,2,ELS
Zilandana,NTW,9,BFN
Zilandina,QMB,3,ELS
Zilangwe,FDD,4,PSH
Zimbaba,KWT,3,ELS
Zimbaba,KTI,4,ELS
Zimbane,LAH,9,BFN
Zimpawaneni,ROD,6,PSH
Zimpofu,KNP,7,PSH
Zincuka,MTF,5,ELS
Zincukutwini,CFB,4,ELS
Zinduneni,NOT,8,PSH
Zingadini,LAH,9,BFN
Zingadini,NCO,5,ELS
Zingcaceni,QQD,6,ELS
Zingcuka,IDY,4,ELS
Zingcuka,KEK,4,ELS
Zingonyameni,MTF,5,ELS
Zingosini,NOT,8,PSH
Zingqabelweni,MFF,4,ELS
Zingqolweni,ASK,8,BFN
Zingqutu,QQD,6,ELS
Zinkwazi Beach,NRK,4,DUR
Zinyosini,TNZ,5,ELS
Zipondo,NSL,6,PSH
Zipunzana,NSL,6,PSH
Ziqalele,PGL,6,NCS
Zisoyini,BRV,8,BFN
Zitapile,MTL,6,PSH
Zitapileni,BRV,8,BFN
Zitenjini,NGQ,2,ELS
Zitenjini,QRM,5,ELS
Zitetyaneni,HSL,7,BFN
Zithobeni,BHS,3,JNB
Zithulele Mission,CFB,4,ELS
Zitshece,PSJ,3,ELS
Zixhotyeni,QMB,3,ELS
Zixothyeni,BRB,2,ELS
Zizityaneni,NGB,4,PSH
Zoar,LAI,8,CPT
Zola,TAS,4,CDO
Zondeni,MFF,4,ELS
Zonyokhwe,KEK,4,ELS
Zubasdale,LAF,6,ELS
Zulumema,TSK,6,ELS
Zungwini,BIN,4,NCS
Zustershoek,KLA,4,WIR
Zwagershoek,KPK,4,NLP
Zwalluwnest,DNA,6,WIR
Zwart Water,QQD,6,ELS
Zwelethu,CRI,5,DUR
Zwelidumile,NYK,4,ELS
Zwelisha,PCM,2,KPR
Zwelisha,PJB,4,BEM
Zwelitsha,BRB,2,ELS
Zwelitsha,CED,6,PSH
Zwelitsha,ELD,2,ELS
Zwelitsha,LAH,9,BFN
Zweliyandila,CHM,2,ELS
Zwingli,NVD,5,RTR
